"Site","Seagrass.pct.cover.site","Macroalgae.pct.cover.site","Zostera.AG.mass.site","Zostera.BG.mass.site","Zostera.shoots.core.site","Zostera.sheath.width.site","Zostera.sheath.length.site","Zostera.longest.leaf.length.site","epibiota.filter.site","epibiota.zostera.marina.site","periphyton.mass.per.g.zostera.site","mesograzer.abund.per.g.plant.site","crustacean.abund.per.g.plant.site","gastropod.abund.per.g.plant.site","mesograzer.mass.per.g.plant.site","crustacean.mass.per.g.plant.site","gastropod.mass.per.g.plant.site","mesograzer.mass.per.area.site","crustacean.mass.per.area.site","gastropod.mass.per.area.site","periphyton.mass.per.area.site","log10.grazer.richness.site","crust.pct.mass.site","gast.pct.mass.site","Leaf.PercN.site","log10.Macroalgae.pct.cover.site","log10.Zostera.AG.mass.site","log10.Zostera.BG.mass.site","log10.Zostera.shoots.core.site","log10.Zostera.sheath.width.site","log10.Zostera.sheath.length.site","log10.Zostera.longest.leaf.length.cm.site","log10.periphyton.mass.per.g.zostera.site","log10.mesograzer.abund.per.g.plant.site","log10.crustacean.abund.per.g.plant.site","log10.gastropod.abund.per.g.plant.site","log10.mesograzer.mass.per.g.plant.site","log10.crustacean.mass.per.g.plant.site","log10.gastropod.mass.per.g.plant.site","log10.mesograzer.abund.per.area.site","log10.mesograzer.mass.per.area.site","log10.crustacean.mass.per.area.site","log10.gastropod.mass.per.area.site","log10.periphyton.mass.per.area.site","log10.Leaf.PercN.site","log10.predation.gastropods.site","predation.amphipods","predation.squidpops","predation.gastropods","grazer.richness.site","Ocean","Coast","Latitude","Longitude","Temperature.C","Salinity.ppt","log10.mean.fetch","day.length","log10.day.length","sst.min","sst.mean","sst.max","sst.range","salinity","parmean","cloudmean","precipitation","nitrate","sqrt.nitrate","ph","phosphate","log10.phosphate","chlomean","log10.chlomean","pop.density.2015","FC1","FC2","FC1.atl","FC2.atl","Site.1","PC1.env.atl","PC2.env.atl","PC3.env.atl","zLatitude.atl","PC1.zos.site","PC2.zos.site","zPC1.zos.atl","zPC2.zos.atl","PC1.env.global","PC2.env.global","PC3.env.global","zPC1.env.global.atl","zPC2.env.global.atl","zPC3.env.global.atl","zFC1.global.atl","zFC2.global.atl","zPC1.env.atl","zPC2.env.atl","zPC3.env.atl","zFC1.atl","zFC2.atl","zperiphyton.area","zperiphyton.perg","zmesograzer.mass.area","zmesograzer.mass.perg","zperiphyton.area.atl","zperiphyton.perg.atl","zmesograzer.mass.area.atl","zmesograzer.mass.perg.atl","ocean.code","rLatitude.atl","rPC1.zos.atl","rPC2.zos.atl","rPC1.env.global.atl","rPC2.env.global.atl","rPC3.env.global.atl","rFC1.global.atl","rFC2.global.atl","rPC1.env.atl","rPC2.env.atl","rPC3.env.atl","rFC1.atl","rFC2.atl","rperiphyton.area.atl","rperiphyton.perg.atl","rmesograzer.mass.area.atl","rmesograzer.mass.perg.atl"
"CR.A",97.4,0,80.325,43.5,332.633053265,0.52945833335,9.6884166667,47.2617916665,0.433685,1.286395,0.309004067910004,0,0,0,0,0,0,0,0,0,26.0900259986202,0.602059991327962,NA,NA,1.5283031107,-1,1.88881493188578,1.62787005849657,2.51241563460184,-0.277144978835577,0.982278701220897,1.67148722222213,-0.578197428409001,-2,-2,-2,-2,-2,-2,0,0,0,0,1.30553545454798,0.183121860032823,-0.397940008672038,0.85,0.842105263157895,0.4,3,"Atlantic","East Atlantic",44.21154996,15.4906946,17,25,0.130936536783167,14.85,1.17172645365323,8.196000099,15.77700043,24.83699989,16.64100075,38.43399811,33.14300156,0.656000018,84.82083333,0.606000006,0.778460022094905,8.246999741,0.0348,-1.45842075605342,0.612999976,-0.212539542484958,250,372,-159,-0.17273,0.77729,"CR.A",-1.70365237801917,-1.03411536875904,2.28626389212361,-0.35613516744834,0.0121218628551477,0.979107306894465,-0.97585169673279,0.766876445181192,1.19546806652439,-3.27665666397331,-0.592562432839704,0.799266249553438,-2.32641595129823,-0.45519813927261,-1.51676367215504,-2.14892257491486,-0.992198165523706,-0.709491468638701,1.91199550780236,-0.429084486787264,1.39514797115875,1.05334568522574,1.21768631858623,-3.0346094926898,-3.31529747802523,1.05334568522574,1.21768631858623,-3.0346094926898,-3.31529747802523,0,0.292703198844501,0.131640876991005,0.60338259706114,0.632225098386396,0.0248586023428797,0.407692417791462,0.162393162393162,0,0.278438869865642,0.311626594169883,0.929681202126847,0.272245787132022,0.785388611489383,0.764871261372473,0.972350368848248,0,0
"CR.B",70.75,0,39.5,39.1578947368421,447.22434431,0.4685,5.18391666665,27.60055,0.16621,0.61026,0.294211100598598,0.739226149057629,0.0331081975897232,0.706117951467906,8.78857807406399,1.19608992186466,7.59248815219934,362.337163386613,61.6930591277559,300.644104258857,13.1303290706635,0.602059991327962,0.0833333333333333,0.916666666666667,1.49618861665,-1,1.59222224961465,1.58486167677062,2.63965477842121,-0.330231580806256,0.712285752773301,1.43829778496392,-0.601444956203725,-0.802937652758797,-1.90862623912446,-0.894311413634337,-0.179714959013463,-1.83105123318039,-0.34866372583307,0.982910633463183,1.63310914234226,0.161545276531442,1.47156386581081,1.0052730304072,0.167780186740781,-0.823908740944319,0.9,0.8,0.15,3,"Atlantic","East Atlantic",44.20557132,15.47773378,19,20,0.210853365314893,15.383,1.18704104004233,8.196000099,15.77700043,24.83699989,16.64100075,38.43399811,33.14300156,0.656000018,84.74583333,0.606000006,0.778460022094905,8.246999741,0.0348,-1.45842075605342,0.612999976,-0.212539542484958,250,402,-143,-0.05481,0.62997,"CR.B",-1.56646251259415,-0.87176444740201,2.57652074177375,-0.356690397574688,1.31013845281029,1.43350671695194,0.259234440872537,1.13613159252223,0.981814255784552,-3.40613324794933,-0.30219907963822,0.676171014930077,-2.43841414869295,-0.249354983114935,-1.29836175312577,-1.9532208919393,-0.911803423913911,-0.596899258723883,2.15097104578214,-0.204628155967722,1.13356905356279,0.505214809776021,1.17031091286513,-1.07816124024356,-1.01268057419693,0.505214809776021,1.17031091286513,-1.07816124024356,-1.01268057419693,0,0.292519783483471,0.425002315497162,0.681803964042155,0.596402937915952,0,0.461586304645505,0.213675213675214,0.0467836257309941,0.30108100592098,0.342144192375576,1,0.340204937873164,0.711085892974227,0.638846493849257,0.959569741901031,0.390181526946046,0.491973386789551
"ES.A",98.75,0,182.3,180.45,725.744843395,0.4,9.133,46.9555,0.12602,1.161195,0.1105026951072,6.93581525191318,6.40823354192012,0.527581709993058,12.7289607550882,9.554332277889,3.17462847719924,2226.72112559177,1663.62807067118,563.093054920589,19.9186859592601,1.07918124604762,0.834401081820169,0.165598918179831,1.84127966347368,-1,2.2364765160585,2.24316282202943,2.84191531852341,-0.399703230912598,0.956315716461586,1.65685019039046,-0.971842572694587,0.773260558559464,0.73329581445457,-0.798507247410655,0.852520019535862,0.747516638132005,-0.646508624867417,3.00674461993423,3.08576669486038,2.98066828817103,1.50253189654259,1.26022918537307,0.262718911710308,-0.602059991327962,NA,1,0.25,11,"Atlantic","West Atlantic",37.265686,-75.812668,28.05,35.42,0.698481148010606,14.683,1.16681479879091,5.654800034,16.02020016,26.59400024,20.93919983,26.42399979,34.28500061,0.503400004,88.38461538,0.646999991,0.80436309649312,8.281800079,0.249199998,-0.603451965498377,4.743600035,0.676108063594978,25,698,88,-0.64512,0.14064,"ES.A",-1.3485109616897,0.948661883696666,-0.615362211347716,-1.00119038470627,0.490204787773614,-0.853621093586066,-0.520947192613153,-0.722439739164086,1.12372139513589,-0.648737306574858,0.633216405146346,0.757929877796574,-0.0532463797110983,0.413775792803633,0.856537181296426,0.8722221560204,-0.784081463081506,0.66558710040665,-0.4769839768474,-1.32826126863804,0.264722924406978,0.970638816201864,0.41548925981328,0.662107830781748,0.293071907866185,0.970638816201864,0.41548925981328,0.662107830781748,0.293071907866185,0,0.0796149135678473,0.23969118672099,0.28708582534563,0.62019572822539,0.529400815989967,0.635207306547621,0.71965811965812,0.722222222222222,0.337052239319032,0.684335286033499,0.226721531340775,0,0.464286074544813,0.7458555218691,0.755938895631765,0.737249660529759,0.770958340752762
"ES.B",100,0,131.85,102.55,472.689075625,0.4379,12.148,57.4065,0.04917,1.671065,0.0289727234512115,6.34584996863779,5.76871703481482,0.577132933822963,17.1219270925011,13.1116527363836,4.01027435611746,2442.81788173568,1876.5492634713,566.268618264384,3.93473186891649,0.954242509439325,0.820139013356404,0.179860986643596,1.84840051126316,-1,2.09131449567053,1.98348827834351,2.66676971095406,-0.361009613863277,1.08337747066784,1.75712724847738,-1.54500401487347,0.648617176266301,0.597404403861033,-0.953280664013908,0.928417259845659,0.804486701854326,-0.736819529341205,2.73545769624412,3.01538642413122,2.89142748297089,1.32031025202243,0.54148132123831,0.263317378704057,-0.0969100130080564,NA,0.722222222222222,0.8,8,"Atlantic","West Atlantic",37.31855,-75.789076,27.7,35.64,0.441302286693167,14.683,1.16681479879091,5.341833274,15.86333338,26.94833342,21.60649999,26.44916662,34.15233358,0.503000001,87.86111111,0.782666663,0.884684499129492,8.273166656,0.270133336,-0.568421818080227,5.500666738,0.74041533369146,25,654,72,-0.50496,0.14844,"ES.B",-1.25248840576842,1.08762347759173,-0.702219863543243,-0.996280959586303,-0.0624974957121232,-0.103658416770972,-1.04685335886611,-0.113003255316957,1.0154915849564,-0.580910718059857,0.740140388440212,0.695573986126995,0.00542411819546432,0.48957588929476,0.536214366720154,0.676520473044837,-0.727811209093813,0.76195854578652,-0.548495998651903,-1.06147192562865,0.278572473397262,-0.341439766801549,-0.752538416362983,0.577792977533624,0.389080095900594,-0.341439766801549,-0.752538416362983,0.577792977533624,0.389080095900594,0,0.0812366987306055,0.114776344951042,0.416516227319835,0.602049430649371,0.542423048585173,0.655053299487455,0.644444444444444,0.675438596491228,0.352900026390004,0.710456320968597,0.205679045363834,0.0807764125498514,0.468220103898724,0.444185964832147,0.440836032320876,0.720434445436055,0.791471294231166
"FI.A",84,74.5,30.775,88.65,206.900942191,0.3425,6.390375,25.22625,0.27575,0.573215,0.523106833324546,183.658428897542,1.09768554775801,182.390927778284,52.0710401487676,4.14997339873122,47.9210667500364,1719.81184704664,141.001193967067,1578.81065307958,14.4272157831432,0.954242509439325,0.107359882399944,0.892640117600055,2.4592936039,1.8476875137833,1.42720118397127,1.82183905757706,2.27990561135215,-0.466263719939786,0.800882836210883,1.40053498547328,-0.560239146944806,2.06440572007012,-0.219778167501404,2.05685436983247,1.6040395448809,0.256668908415742,1.55195385991302,3.46987294567403,3.00999599740534,1.72300738536473,2.95815287927358,0.855750984141389,0.388762175999154,-Inf,0.6,0.0526315789473684,0,8,"Atlantic","East Atlantic",59.92025,21.79618333,14,6.5,0.355068206348851,19,1.27875360095283,0.853666663,8.203666846,18.91733329,18.06366698,6.239333312,36.73499934,0.747166663,51.51190476,1.676833332,1.29492599479661,8.255833467,0.190100004,-0.721017873996325,12.84300009,1.10866648559738,1,563,71,0.41476,-0.51996,"FI.A",1.74813661841281,2.03938970246952,1.21953477312003,1.10271559258611,1.46749893135132,1.65307305536149,0.408965767233845,1.31455612135315,-2.19196067911721,-0.372240263288843,2.24445024446762,-1.1523784918662,0.185925596271375,1.55600484869899,-0.126271454335317,0.664289117858864,1.0305874360217,1.42201924446043,1.03373142755807,0.689180860848193,-0.908227340077783,0.232261407920161,1.25428293556556,0.571335300778069,1.24372607666529,0.232261407920161,1.25428293556556,0.571335300778069,1.24372607666529,0,0.774621643364238,0.460566958280664,0.719697262360731,0.0642735337109274,0.582486322549995,0.934265893915329,0.488888888888889,0.672514619883041,0.848130193998107,0.889362723185403,0.671251093087099,0.610825514649946,0.131104050032784,0.576089786365242,0.982223164701366,0.719146567684187,0.974073566004568
"FI.B",77.15,1.45,45.825,68.85,466.322892785,0.3245,6.58,30.827,0.006955,0.419505,0.0181849951346093,13.0501683101052,2.00187666837102,11.0016358508703,19.0145127603199,6.18766287282401,12.8268498874958,876.696628516935,292.713295527179,583.983332989755,0.837731722515211,1.04139268515823,0.298874520304573,0.701125479695427,2.06128189565,-0.187758876025798,1.65078795796716,1.82106402142348,2.63053928468811,-0.491154024735208,0.813141252668757,1.48420844739371,-1.75907162745521,1.07432987297693,-0.055318394668345,0.984512195866367,1.22688165556462,0.212711875672555,1.04221339905975,2.71543468172437,2.86790383378306,1.91780323716659,2.68343092095733,-0.0827925933512412,0.31338949404808,-Inf,0.35,0.05,0,10,"Atlantic","East Atlantic",60.10785,21.70995,17,6.5,0.27703588817211,14.5,1.16136800223497,0.705249999,7.988124967,18.20650029,17.50124955,6.171875,36.54762459,0.731250003,52.11574074,1.636500016,1.279257603456,8.243875027,0.186100001,-0.730253624535571,24.01600015,1.38050067761173,1,637,132,0.44592,-0.50866,"FI.B",1.61634941936603,2.19299984894992,1.32973151297122,1.12013781096736,1.46475418419919,0.925183295381173,0.406354090938595,0.723056584556721,-2.21009966620066,-0.463676747040529,2.59860498402349,-1.16282914969971,0.10683236534247,1.80707072376413,0.412453279270231,1.4104017842032,0.953358715211885,1.52854962761442,1.12445908901136,0.748492761020657,-0.888163249873911,-1.48105558221228,-1.18878007127601,0.401110324383409,0.766630395605805,-1.48105558221228,-1.18878007127601,0.401110324383409,0.766630395605805,0,0.780376919100721,0.459946624935839,0.59407625862325,0.0612322694160168,0.564931154507908,1,0.615384615384615,0.850877192982456,0.826379726629946,0.918237291259442,0.697947800796896,0.62878351275963,0.136803348968578,0.182168580598717,0.323149613272505,0.685197987070835,0.872138077889605
"FR.A",48.5,50,125.95,298.275,93.5033104025,0.5425,6.862,42.0675,0.0669847,1.880045,0.0388810617086086,1.04702673136427,0.316178869119756,0.722048311912618,2.7362574953662,0.641045265380786,2.0354632261359,405.294432110862,84.8211020556392,312.853508217655,4.81556446484451,1.25527250510331,0.273152784044978,0.714542646730437,1.41715835325,1.66853484900791,2.03147366777492,2.45283725522255,1.92921629684904,-0.269474495136622,0.822808449522361,1.61534060368263,-1.43099908502471,-0.0980983334715876,-0.76397036551766,-0.305566704955541,0.327156168141756,-0.581952844078203,0.126014662182214,1.93000486466433,2.35449385006309,1.46277347110064,2.15424257902932,0.597117888726302,0.148213807911658,-Inf,0.95,0.4,0,17,"Atlantic","East Atlantic",43.446971,3.661503,35,38.8,0.406540180433955,15,1.17609125905568,10.20100021,16.4740003,23.60166613,13.40066687,37.33333333,33.78766632,0.489000003,58.39166667,1.841000001,1.35683455181536,8.272333463,0.242866665,-0.614632090794101,1.653333346,0.218360425097791,250,430,-12,1.09004,0.85317,"FR.A",-2.11144217229284,-0.844299127077588,-0.548827698765485,-0.427140826354687,-0.0491506018932599,0.0948488004227702,-1.03415354927713,0.0483081595105033,2.01798332522531,-0.900461147552006,-0.881470183772756,1.27315299372376,-0.270989353498071,-0.660009396047183,-1.09451996203177,-0.350913362576873,-1.23116738559092,-0.577851746794188,-0.422204491168675,1.9745512057924,1.52987922466936,-0.239874875585217,-0.520211355460785,-0.213949648887427,-0.371500759403982,-0.239874875585217,-0.520211355460785,-0.213949648887427,-0.371500759403982,0,0.269247107495282,0.117792842583346,0.450775090741249,0.770131712289253,0.481071591732458,0.35406870299286,0.261538461538462,0.429824561403509,0.211136289056789,0.34730693246504,0.242840451350752,1,0.823659656024613,0.46753748976414,0.503511706543374,0.562534359635689,0.628966824343288
"FR.B",100,0,225.7,168.3,319.9006875315,0.4255,9.445125,95.0076,0.06312248,3.42103,0.0202967340241148,0.323056542468326,0.0762027897579365,0.218298133527884,3.84583233834441,0.214689188395017,3.58650072685747,915.310468321108,59.6574780205258,852.577704365679,4.52947626006553,1.34242268082221,0.0555467745744716,0.935179902395897,2.01433306345,-1,2.27675329534107,2.18958157762864,2.37490671432149,-0.374240396076201,0.953284708465735,1.97476664451394,-1.6996147203212,-0.530094499080107,-1.21221704434572,-0.701010358843682,0.516079879824251,-0.939590000126337,0.486169640573656,1.7371237617885,2.78941739007441,1.29464124083295,2.75948271283549,0.565488388243354,0.300945062122632,-0.602059991327962,0.5,0.25,0.25,21,"Atlantic","East Atlantic",43.082895,2.973231,35,32.5,0.221088068482732,15,1.17609125905568,10.92399979,16.60099983,22.69799995,11.77400017,37.44900131,32.85499954,0.532999992,52.85,1.77699995,1.33304161600454,8.274999619,0.235499993,-0.628009101444051,6.269000053,0.797198273510614,250,476,-42,1.0701,0.94894,"FR.B",-0.894623175308413,-0.129358609607041,-0.861095073273013,-0.460952188718081,-0.570340655465856,-0.466403629971388,-1.53007526183978,-0.407778147587689,0.925343504609401,0.0753618680187595,0.0144073536860091,0.643635763903232,0.573104731811231,-0.0249076939625003,-0.759637019520218,-0.717854018156055,-0.51809832217735,-0.082032368950128,-0.679301830667882,1.93659615799269,1.69992682810518,-0.297614720453808,-1.06761471024202,0.307084357806383,-0.13251679686022,-0.297614720453808,-1.06761471024202,0.307084357806383,-0.13251679686022,0,0.258077823012149,0,0.353912766894131,0.586934797359611,0.668422814294802,0.520351128466086,0.34017094017094,0.342105263157895,0.411962940494101,0.481696483634605,0.167189294739487,0.988508264367551,0.871962475412316,0.454262100888407,0.355836811508162,0.666446049642523,0.680027749521751
"IR.A",58,1.5,13.24475,8.47631578947368,615.92818943,0.19,2.616,10.4895,0.0300955,0.223495,0.139941284776612,188.991410356246,5.07034698800389,183.921063368242,61.3726611880288,3.94887984901476,57.4237813390141,781.194414107358,49.3221101664552,731.872303940903,1.83208464932003,0.845098040014257,0.0848706077895537,0.915129392210447,2.50656110055,-0.320217431680153,1.10539800690778,0.79474425736653,2.72993816988268,-0.729342878729639,0.413592300794888,1.01797202436832,-0.899558420579829,2.16377877244356,0.257154877219626,2.14583168808581,1.69996648165278,0.133421220206507,1.6591245291614,3.22749693997462,2.76427044757281,1.32214335151047,2.7235533021923,0.198948782621129,0.397780452281104,-Inf,0.578947368421053,0,0,6,"Atlantic","East Atlantic",54.531944,-5.569167,20.4,40,-0.321026624080235,17.3,1.2380461031288,6.420666615,10.67966652,15.81266673,9.39199996,34.11316681,28.68683338,0.761166662,86.23245614,5.99666659,2.44880921878369,8.206166903,0.573283335,-0.241630682719891,2.588166674,0.412992240801789,50,646,183,0.32678,-0.45958,"IR.A",1.25568604994328,-2.22301696722318,-1.5512069559285,0.602309175544476,3.85429196347973,3.27724008437559,2.68004227744752,2.63439065971489,-0.892092536121687,0.477898895387253,-2.45519100417787,-0.403468030183375,0.921302221005514,-1.77564488176377,0.477973854979014,2.03420089868781,0.742006088667418,-1.53400824515862,-1.24748776193057,0.521714205611564,-0.801017626227359,-0.966734992467956,0.562794859956253,0.276958574761009,1.36507135016361,-0.966734992467956,0.562794859956253,0.276958574761009,1.36507135016361,0,0.609316809768576,1,1,0.282215282784168,0.745707119953434,0.0619728482659285,0.630769230769231,1,0.766855001131108,0.0881451320090038,0,0.560121256829341,0.161557472133959,0.30041977873046,0.795678036521586,0.660437956142278,1
"IR.B",65.55,24.85,46.75,83.5,334.224598956316,0.308,8.087,35.9191,0.115435,0.622725,0.205392896266029,0.390822634316411,0.299905691220668,0.0909169430957431,1.8906218785612,0.370991903765336,1.51962997479587,92.9628132599895,25.0578741448442,67.9049391151452,9.55125458862618,0.845098040014257,0.780480316246269,0.219519683753731,2.370700407,0.969486901984953,1.62074714273601,1.81594982413082,2.45384430962678,-0.515390988028465,0.880451719439563,1.54005644037183,-0.729062119688834,-0.778378772727519,-0.912281547753496,-1.66296127863465,-0.879288411657499,-1.10666725019192,-1.64528480235416,0.958787659758739,0.885590326892787,0.69883657909694,0.276170191408946,0.883947567855422,0.370741203950892,-0.954242509439325,1,0.105263157894737,0.111111111111111,6,"Atlantic","East Atlantic",55.2225,-7.701944,16.3,40,-1.08354605145007,17.18,1.23502315949522,6.752666632,10.91699998,15.70433346,8.951666594,35.02333323,28.16849995,0.809999992,95.96212121,4.266333342,2.06551043134621,8.186500231,0.382250006,-0.417652499098724,1.896499991,0.277952844977828,NA,698,108,0.12408,-0.5533,"IR.B",1.16184438120688,-2.69194126782981,-1.00196410591007,0.666440398553452,1.1961708505254,1.11346506162345,0.150792216938366,0.876058568706809,-0.874126310727233,-0.131482584256686,-2.78908126669828,-0.393116907858112,0.394182759323604,-2.01234494976383,0.856537181296426,1.11684925973985,0.687013858104891,-1.85921257936719,-0.795282738266479,0.135882300446016,-0.967425284095225,0.283734442416872,0.910243909161844,-1.97368122861327,-1.89762420734059,0.283734442416872,0.910243909161844,-1.97368122861327,-1.89762420734059,0,0.630501992025947,0.399244786658067,0.626570388588013,0.285227581075968,0.62871012009136,0,0.71965811965812,0.780701754385965,0.751367152778703,0,0.133061793374639,0.443302058599783,0.114288596358501,0.58792432715961,0.889410567430217,0.211584747789783,0.302897767831096
"LI.A",NA,NA,99.85,480.9,298.205406561579,0.433,11.368,43.233,0.2788875,1.0321,0.279841049497464,1.2747324265462,1.1774228523485,0.0973095741977013,0.880451674270573,0.818519051124573,0.0619326231459994,87.4361568606064,83.1274414296711,4.30871543093533,26.962614202379,0.954242509439325,0.906300609833342,0.0936993901666574,1.75888530836842,NA,1.95078197229123,2.62721330029224,2.39775115318729,-0.365056637329483,1.04745047511472,1.63133398025912,-0.584538729691755,-0.035661782924441,-0.0691322492954806,-1.60238357430859,-0.403140198505333,-0.453465195390392,-1.66375383710017,1.91078434781191,1.54596856230876,1.49661540086708,0.289525072547575,1.3611090006083,0.243819955913144,NA,NA,NA,NA,8,"Atlantic","West Atlantic",40.85762,-72.45119,20.3,31.4,0.307496037913213,12.4,1.09342168516224,3.34119997,12.73459988,22.15019951,18.80900002,30.85060005,32.64939957,0.540800011,95.34722222,1.853999972,1.36161667586733,8.03579998,0.595499992,-0.225118240015554,5.148200083,0.711655417263862,50,648,-18,-0.60577,0.05622,"LI.A",-0.282175155680887,0.491030574882608,-0.935555757204385,-0.667611181299854,0.242662245302545,-0.544432476076655,-0.756488375244849,-0.471186137183906,0.0681762586173329,-0.200533943387428,0.243527732572832,0.149784505685631,0.334452825826661,0.137519352736398,0.492533982914299,-0.424301493692709,-0.159197173503975,0.348214584409196,-0.740607126381973,-1.25336000831113,0.11482819033522,1.15479553044383,1.20476358014613,-1.1825547747009,-1.29530814164485,1.15479553044383,1.20476358014613,-1.1825547747009,-1.29530814164485,0,0.18980985278559,0.18374472431615,0.340446356859064,0.443218275151983,0.615452740068232,0.562877802853654,0.634188034188034,0.412280701754386,0.51304279318051,0.59831293215957,0.149150148413817,0.0226780239286291,0.421707772229788,0.788196335239887,0.968864157033795,0.369361948085769,0.431587639891632
"LI.B",NA,NA,103.175,257.925,323.08377896,0.447,12.593,48.045,0.10445,1.198175,0.0873836625271888,10.4414177759827,10.1426538104086,0.29876396557419,3.51074606595413,3.1278202350058,0.382925830948323,374.419032782281,328.343577075995,46.075455706286,9.28312715543484,1.04139268515823,0.894904351011387,0.105095648988613,1.509795156,NA,1.97221222537146,2.38254694694775,2.4950457325587,-0.35109156997033,1.09317814947748,1.67514420315518,-1.08308708382415,0.5392693742349,0.505788117827395,-1.09692778152874,0.215496244647454,0.128449025452605,-1.18158707876717,2.53442759576291,2.21080000121012,2.12356821137072,0.826410961716549,0.886398622974025,0.168983593988498,NA,NA,NA,NA,10,"Atlantic","West Atlantic",40.83158,-72.54082,18.8,30,0.241795431295199,11.8,1.07188200730613,2.996333341,12.67449999,22.82066663,19.82433319,30.71199989,32.79133352,0.542333345,94.85714286,1.860666653,1.36406255465063,8.02699995,0.600899984,-0.221197807550602,6.326999982,0.801197833223603,50,618,-49,-0.60169,0.02428,"LI.B",-0.35067276331344,0.713029996877242,-0.697549684930286,-0.670029489224416,0.0752700088233075,-0.322133261653452,-0.915765099762987,-0.290540812038668,-0.00616948193595981,-0.453509483401817,0.544185565570614,0.106950697362882,0.115627123166662,0.350660427825327,0.274132063885023,-0.803473504457864,-0.199337510761743,0.502173707728367,-0.544650926785939,-1.24559388017559,0.0581160628032139,0.288208858394096,0.188787569399369,-0.386093428005864,-0.512747883633938,0.288208858394096,0.188787569399369,-0.386093428005864,-0.512747883633938,0,0.189010986153511,0.14591282935554,0.378811301636762,0.430753133345376,0.566883198313426,0.618682431966477,0.582905982905983,0.321637426900585,0.501737787911523,0.640042841085861,0.206810461715634,0.0250293921021693,0.405598426388258,0.58895307277236,0.694780797049123,0.528203105278865,0.598788193253521
"MA.A",65.7,10.85,192.447368421053,629,214.8586707395,0.4315,16.461,58.197,0.0462,2.40075,0.0193886885095412,10.4772411196912,0.16210018258429,10.3151409371069,3.68611154980765,0.50423437951445,3.1818771702932,727.113348785733,110.275889930274,616.83745885546,3.78331518908236,0.778151250383644,0.11643803368872,0.88356196631128,1.56806015965,0.59237869068426,2.25574173727261,2.7250059161486,2.28136352279663,-0.368000913203059,1.17182451264345,1.76073820021333,-1.76693982960361,0.967259667359746,-1.39252029520238,0.956754351332872,0.526210870566809,-1.22229284960217,0.462135844091869,3.20313964875362,2.77037982027548,0.952200071024582,2.70283110567874,0.46882212567694,0.189305036914942,-0.676693609624866,0.65,0.6,0.210526315789474,5,"Atlantic","West Atlantic",42.42014,-70.91544,15.1,32.35,0.413928114056168,15.25,1.1832698436828,2.224999994,10.31599998,18.97324991,16.74825001,31.19649982,31.26824951,0.628250003,94.79166667,3.713500023,1.92704437494314,8.044000149,0.728375018,-0.137644958169272,6.379750013,0.804803661463841,100,661,15,-0.34629,-0.17274,"MA.A",0.436933328985049,-0.174731945996601,-0.872568130491641,-0.522501561549992,-0.492066206733934,-1.0806476278009,-1.45559571565707,-0.906926590349083,-0.68429869104971,-0.223169089885087,-0.304243006763277,-0.283748976149877,0.314873257632517,-0.250803955258765,0.587174814493652,-0.0206667725556091,0.262208158697667,-0.113499293637758,-0.68874787827847,-0.759449486592555,-0.291709340025711,-0.474079568756433,-1.20481443296674,0.284277541532904,-0.119701336637738,-0.474079568756433,-1.20481443296674,0.284277541532904,-0.119701336637738,0,0.237745532123381,0.0176906097009643,0.247905028099794,0.317054935010183,0.6111069495903,0.461206934535603,0.656410256410256,0.508771929824561,0.631726138323476,0.473167519107553,0.164409785513379,0.172220429239955,0.30622887981036,0.413689780518547,0.318823968098879,0.661897604066599,0.682765879932606
"MA.B",46,0.6,115.210526315789,155.5,318.30914185,0.496,8.956,39.98975,0.0223,1.5763,0.0152508805118372,10.1545355073452,1.85646093733859,8.29807457000659,3.56988614194551,1.03360341122921,2.53628273071631,380.237579703182,139.481688744543,240.755890958639,1.64589957087325,0.845098040014257,0.303281772328771,0.69671822767123,1.99845334885,-0.76313201765351,2.02785603287546,2.16530429404842,2.47891890060913,-0.307532457504815,0.931776763500818,1.59125870802322,-1.81045046569724,0.96625929725955,0.102801797918345,0.87004389138606,0.483441307667724,-0.166361008187844,0.314408409153683,2.98611324607711,2.50621021757684,1.88687918829509,2.33029421607171,0.225687761406504,0.295263730634468,-1.27875360095283,0.533333333333333,0.421052631578947,0.0526315789473684,6,"Atlantic","West Atlantic",42.59697,-70.6556,14.8,32.15,0.500716623555479,15,1.17609125905568,2.540799975,10.32700005,18.96300011,16.42220039,31.35299988,32.02459946,0.576600003,98.34166667,3.747600031,1.93587190459493,8.075399971,0.700560009,-0.154554657721057,3.912599945,0.592465444486161,100,601,-4,-0.2535,-0.16497,"MA.B",0.310019876817646,-0.106339083501381,-1.14344935121245,-0.506079541953208,0.273380793626974,0.00303658093940089,-0.727259123865117,-0.0263005082884957,-0.366141601960293,0.139019105307317,-0.413343032456949,-0.100444866604945,0.628168710242785,-0.32814668249365,0.1503709764351,-0.253062521089091,0.187835506153723,-0.0660680658604747,-0.911770988769759,-0.582827175392204,-0.277913058531544,-0.917922824604463,-1.29348338978316,-0.0321949734687028,-0.173803807560318,-0.917922824604463,-1.29348338978316,-0.0321949734687028,-0.173803807560318,0,0.243170401038532,0.190687345539186,0.434929912252712,0.37039858594112,0.680644560493294,0.440957049776806,0.553846153846154,0.453216374269006,0.610780045532113,0.486023534215569,0.0987850058382081,0.22569676571613,0.31014777828214,0.311642540269397,0.294903437147842,0.598782349683874,0.67120643389136
"NC.A",63,0,148.25,194.25,590.640296516667,0.4435,9.9025,45.358,0.17785,0.805535,0.223153817118214,43.1757421532743,20.7717500621655,22.4039920911088,22.8718318964954,13.6605855543335,9.21124634216186,3643.61368895396,2025.64589642419,1617.96779252977,31.9063174607174,1.41497334797082,0.787171665202253,0.212828334797747,1.6576109052,-1,2.11443654096109,2.20013123765794,2.73849315572821,-0.354152794196228,0.988563917037924,1.64910969276479,-0.69084367968627,1.29508572955054,1.00501269279635,-0.473981331563009,0.912407795256083,0.596375392081122,-0.621030545355395,3.4053068722923,3.02226370939244,2.69647899006225,1.48170898834697,1.41922844486302,0.21361602564675,NA,0.833333333333333,1,NA,25,"Atlantic","West Atlantic",34.692458,-76.622589,22.6,34,-0.744727494896694,14.15,1.15075643986031,13.64949989,21.24549961,28.57875013,14.92925024,34.89050007,35.68824959,0.486749992,117.4615385,0.308749996,0.555652765672952,8.286499977,0.115625,-0.936948254252911,4.136500061,0.616633035067833,100,574,26,-0.46716,0.16092,"NC.A",-2.53089473523953,0.436043196206654,-0.156037642423107,-1.24016341328171,0.338727763834034,-0.472892488080731,-0.665080306073553,-0.413051139154596,2.37161988198853,-0.891209344318461,0.576473906151166,1.47689836468358,-0.262986475657244,0.373550141210001,-0.046190750691249,0.113878134490091,-1.47697111395813,0.310080212082885,-0.0988108653483952,-0.989521032608143,0.300731751781715,1.26089292824894,0.98812806601227,0.586031895792076,0.368828507300372,1.26089292824894,0.98812806601227,0.586031895792076,0.368828507300372,0,0.000672287380006951,0.205456248595059,0.352792903813727,0.829424010613914,0.482847873516196,0.624675420250868,0.507692307692308,0.54093567251462,0.141908857645755,0.587976786760513,0.337999358407782,0.102561147098827,0.474514550864982,0.812589961820832,0.910421645618419,0.722077562601279,0.787144372712022
"NC.B",99,0,151.2,217.65,419.37229437,0.3485,6.1345,25.674,0.12898,0.43817,0.301817743904315,4.80074252080706,3.78687368411932,1.01386883668774,5.53018207041509,3.55287607052357,1.97730599989152,855.046151220065,552.469219311493,302.576931908572,46.6870495956887,1.32221929473392,0.598235205606821,0.401764794393178,1.53637127275,-1,2.15771570486872,2.30703135516856,2.60604103725872,-0.459206148949445,0.785056913203965,1.40580102903236,-0.52790368527974,0.530682266809008,0.37354499694237,-0.634017250193935,0.488020947653705,0.115908285445922,-0.493508452859197,2.69293262680247,2.65015974020792,2.27635637131322,1.62226282709362,1.62625374171917,0.185050007242095,NA,0.8,1,NA,20,"Atlantic","West Atlantic",34.670544,-76.574561,24.4,25,0.203100910271472,14.2,1.15228834438306,13.58224988,21.36199999,28.63925028,15.05700016,34.94900036,35.64999962,0.484249994,118.0595238,0.307999998,0.554977475218589,8.28550005,0.114250001,-0.942143787456848,4.128000081,0.615739697140922,100,600,20,-0.47851,0.16214,"NC.B",-2.35081837459867,0.72327855682341,0.414678636456164,-1.24219854384465,1.2479494778846,-0.515463449657164,0.200060512405829,-0.447645256887643,2.02734844801609,-1.20395013474417,1.11398600788372,1.27854864748353,-0.53350955947577,0.754600939369088,0.143090912467457,0.0404900033742545,-1.37144442334652,0.50928120057866,0.371073755611936,-1.01112533514208,0.302897963290452,1.63881886264023,1.32017835589104,0.140255100252716,-0.168010672854638,1.63881886264023,1.32017835589104,0.140255100252716,-0.168010672854638,0,0,0.410947142948054,0.345445902636728,0.771701910968485,0.422803819936358,0.724442198923354,0.552136752136752,0.523391812865497,0.171629081113785,0.641969294179012,0.476263391472988,0.096019963576846,0.475129873404953,0.899481669907117,1,0.6331746894774,0.67244418564092
"NN.A",47.8,0,30.9,67.9,185.9,0.3075,3.0775,22.8775,0.026585,0.320925,0.0925634226752867,8.73710332410305,0.369211579128473,8.36789174497458,14.9741836608593,7.01967923578582,7.95450442507345,556.409242808685,373.820413412161,182.588829396524,2.8554416657798,0.903089986991944,0.109006607348778,0.890993392651222,2.4044094621,-1,1.42002999500507,1.72226306316643,2.22754643706172,-0.514671895298297,0.473278567188829,1.35713907337809,-1.06112071085194,0.433761009482051,-1.74318707904106,0.297394132919129,0.140067351674389,-1.67920339590165,-0.0446922692427024,1.90035431454656,1.61959721892306,0.299923261230317,1.44196000092522,0.357357632481527,0.371523289598783,-Inf,0.2,0.1,0,7,"Atlantic","East Atlantic",67.2147,15.0083,8,24.5,-0.466927339951188,24,1.38021124171161,2.317444457,7.121555593,14.13711103,11.81966665,32.17277781,29.10888884,0.763888896,90.61363636,4.361999989,2.08854015738266,8.211999893,0.546800011,-0.262171485367494,1.694333328,0.228998853615992,1,463,-52,0.86797,-0.7799,"NN.A",1.91703004892785,-1.65722313397276,-0.330176229692806,1.78014363560916,2.12020443327831,1.91198191197633,1.03002679496432,1.52495126245846,-1.87302410220103,-0.254544820894202,-1.67232161938608,-0.968625285548365,0.287733019551989,-1.22065643970325,-0.854277851099571,-0.840167570015782,1.1295608089001,-1.14162378864083,-0.242183408066945,1.55184922661079,-1.36977243809499,-0.677558676778673,0.233552150002026,-1.09434838798236,-0.608163623524161,-0.677558676778673,0.233552150002026,-1.09434838798236,-0.608163623524161,0,0.998404005283155,0.608083273902487,0.764380389164657,0.117747877082679,0.605083027762727,0.207280007658685,0.317948717948718,0.312865497076023,0.876004760539354,0.194499125728717,0.295811840232435,0.872017566103414,0,0.366906414660358,0.70685709268022,0.386953265726395,0.578401821283099
"NN.B",90.075,0,68.05,259.45,651.875,0.265,4.465,23.1725,0.02727,0.41957,0.0881022122739786,12.3342617761608,0.138753510178104,12.1955082659827,5.7094655531355,1.37886942462904,4.33059612850646,419.323759323769,125.544324892393,293.779434431376,5.44464123571153,1,0.059241433730749,0.940758566269251,1.72602887155,-1,1.76392946394064,2.34691611500788,2.80490261433893,-0.588633728940412,0.619715385595355,1.34586996569385,-1.10649518633118,1.06007342275814,-1.71616476180531,1.05391886977642,0.645754546757476,-1.6815904157289,0.587766955212696,2.81428135449951,2.4012605214536,0.258136797976804,2.34361289788138,0.653256999585053,0.230872556118166,-Inf,0.25,0,0,9,"Atlantic","East Atlantic",67.26672333,15.25606333,10.5,18.5,0.335708575721973,24,1.38021124171161,1.673999982,6.52599997,14.0442223,12.3702222,32.11822213,28.43511115,0.766777774,88.74342105,4.484666612,2.11770314539125,8.203333325,0.514066673,-0.288980550580263,1.213222212,0.083940352892109,1,378,-86,0.81767,-0.75856,"NN.B",1.67934383013176,-1.90889749520383,0.613437624044929,1.78497498857387,2.40868158462824,-0.179459767973001,1.30451799438766,-0.174601132618811,-1.98003007396558,-1.30138622927701,-1.58990032993287,-1.03027607078288,-0.617792497855433,-1.16222668894934,-1.47308328834919,-1.25603364633885,0.990274119718496,-1.31616281972887,0.5347168739211,1.45610504886127,-1.33188149252414,-0.137392588399162,0.141084933522393,-0.157923649067559,0.0315185456029154,-0.137392588399162,0.141084933522393,-0.157923649067559,0.0315185456029154,0,1,0.673281263474483,0.403434243829761,0.0998067737689966,0.404096768410472,0.22257809400181,0.172649572649573,0.213450292397661,0.836776471424941,0.147191127901998,0.524415547367237,0.843028884944328,0.0107631008221113,0.491099939894819,0.681911892091734,0.573707826723848,0.715075274296975
"PO.A",32.25,54,103.052631578947,292.631578947368,251.464222055,0.746,8.545,34.439,0.08411,1.7738,0.0478629533344782,0.916560922535212,0.0404571026189744,0.873471774876845,3.69669451167624,0.0334197463515922,3.61708820047438,411.186709860368,3.44633962063077,403.258495885572,5.01620474231008,1.17609125905568,0.0122589439064031,0.980451754251397,1.28691101375,1.69568445411711,1.94883398946922,2.4161779678199,2.37796875398434,-0.129606306449267,0.929850559722698,1.53533426458909,-1.32301138201529,-0.157613389639133,-1.5194085566052,-0.179151365129517,0.398403122155675,-1.56919655128459,0.390022221350579,1.79229234633656,2.34634315772211,0.41904939071462,2.33905430941208,0.63491899994067,0.101637943499688,-1.30102999566398,0.85,1,0.05,14,"Atlantic","East Atlantic",36.997057,-7.82849,20.53,36,-0.174736204970715,14.65,1.16583762469013,14.37624979,18.32324982,22.32199955,7.945749998,36.13974953,39.53850079,0.439500004,41.81944444,2.184749961,1.4780899705363,8.10374999,0.1494,-0.82564940252062,1.137500018,0.0559514122015022,100,396,-36,0.23226,1.11781,"PO.A",-3.39072779319207,-0.667638119305328,-0.103228812948288,-1.02613768268888,-0.0392043142664001,-0.0456712073922836,-1.02468947765922,-0.0658815490182743,3.38898482241765,-0.71804500525943,-0.558766128223899,2.06304646850653,-0.113198048807393,-0.431239406423303,-1.34204213693162,-0.644465887040218,-1.9808425647209,-0.455335329242632,-0.0553320690717899,0.341798903804718,1.99976956374481,-0.170868717914321,-0.300146611883111,-0.223714095961592,-0.281375071962297,-0.170868717914321,-0.300146611883111,-0.223714095961592,-0.281375071962297,0,0.0713737943470812,0.120040777832088,0.426523802431598,1,0.516094220557861,0.41396529691676,0.203418803418803,0.359649122807018,0,0.380514441290633,0.350793038936713,0.505647894142327,0.957134210924497,0.483403198790309,0.562879333038414,0.560587000760023,0.648222932301891
"PO.B",50.65,37.75,65.0555555555556,132.555555555556,346.9569646,0.61625,6.681,27.6455,0.03528,0.76965,0.0488845582347203,0.611790280827123,0.0178295019079156,0.593960778919208,7.29107806326596,0.00643466723856675,7.2846433960274,373.131852439341,0.216474491544557,372.915377947796,3.82505952133481,0.698970004336019,0.00324049981089103,0.996759500189109,2.01355901965,1.48414647371973,1.73782349749774,2.08202895887467,2.51767969759289,-0.212288853810393,0.821504066493719,1.43962998971559,-1.3317911061694,-0.568289825362454,-1.87252069266386,-0.586667669200559,0.171633952777786,-1.91287766938857,0.170489395151132,1.18953481151265,1.88598594098305,0.0497978128905197,1.88472595900633,0.409550314530067,0.300901460664993,-Inf,1,1,0,4,"Atlantic","East Atlantic",37.027333,-7.810105,20.57,36,-0.182930683585987,14.65,1.16583762469013,14.48139992,18.3447998,22.25819969,7.776799965,36.12979965,39.4154007,0.440000004,42.3,2.189399958,1.47966210940201,8.1,0.149779999,-0.824546176649066,1.219200015,0.0860749593387152,100,486,-51,0.12823,1.2028,"PO.B",-2.85816542944713,-0.431181315609088,-0.63462518618546,-1.02332598181622,0.716327043172548,0.618485814412288,-0.305787798497146,0.473827335975684,3.12424812218661,0.0359655689288092,-0.526133259395366,1.91052016384803,0.539026643352278,-0.40810545153512,-0.686836379843793,-0.827936214829809,-1.6687552724728,-0.291349847330853,-0.492843653476874,0.143781670976046,2.15067638024279,-0.582280619308778,-0.318038535600467,-0.77521739040668,-0.568232630487107,-0.582280619308778,-0.318038535600467,-0.77521739040668,-0.568232630487107,0,0.0723026148598624,0.290796504353626,0.541145653576533,0.955613052136758,0.660858999257485,0.420022232549224,0.357264957264957,0.315789473684211,0.0878953373159781,0.42496194838137,0.222054805178468,0.44569376887434,1,0.388812487790896,0.558052566936488,0.450598710871291,0.586933412382621
"QU.A",60.4,0.565,66.75,221.675,558.63254392,0.357375,8.4425,33.017,0.0378621,0.528,0.074561098819657,17.0910324138735,4.18537074980686,12.9056616640666,31.6663970920219,8.32374006927583,23.3426570227461,2007.90376138056,475.110171071683,1532.79359030888,5.00042171786704,0.845098040014257,0.152626001238187,0.847373998761813,3.04958965775,-0.752754162518526,1.81689205635729,2.31992519343313,2.7315285104302,-0.448758904508409,0.919847282986217,1.51049274371407,-1.22063515511205,1.12596991058246,0.0653495528558188,1.00089811408088,1.35562184326175,-0.107684165816185,1.25935456508706,2.9361413122208,3.16575147299962,1.72355206640562,3.06952127795219,0.59392916869701,0.481501883282468,-Inf,0.3,0.8,0,6,"Atlantic","West Atlantic",49.11237,-68.17593,15.47,16,1.05951608593218,16.183,1.2090590341288,-0.925166657,5.351499955,14.18733327,15.11249987,26.91050021,35.21916644,0.692499995,79.82407407,5.02549998,2.24176269484529,7.705166578,0.897366663,-0.0470300684602531,14.93150028,1.17410344674649,50,862,95,-0.36383,-0.30852,"QU.A",2.66832357412236,1.52828612301555,-1.06992104088558,0.0989989316140079,1.20141999890228,-0.185638951499887,0.155786876054966,-0.179622475677727,-2.5753067762457,1.69890746022812,1.18564345421259,-1.37324081865821,1.97748360968832,0.805400032133038,2.0504676719898,0.957841642322209,1.56982692217314,1.06756310078666,-0.85123333896653,-0.792836223724295,-0.532798027448873,-0.245695903328603,-0.0915173189723629,0.757928786868235,0.929483644255686,-0.245695903328603,-0.0915173189723629,0.757928786868235,0.929483644255686,0,0.443052722645577,0.400431133374042,0.402367825149896,0,0.980132260303529,0.737742425216091,1,0.742690058479532,1,0.793289023394278,0.116598271564966,0.162111851356647,0.237746507288042,0.466199134818335,0.619161978482153,0.75635957918593,0.906933038421145
"QU.B",74.85,0.6,137.85,437.4,622.29437231,0.35975,9.26275,38.99075,0.015917,0.561,0.0292362320999855,7.0952647943177,0.179277355812171,6.91598743850553,6.75122348997593,0.705066315298538,6.04615717467739,957.727330616461,92.3595375696245,865.367793046837,4.12020563913997,0.845098040014257,0.0955802459523493,0.904419754047651,2.96051910713333,-0.823936556220081,2.11803650071487,2.62899681520207,2.77076142839555,-0.44550097341303,0.960067283247232,1.58581952058212,-1.53461869644608,0.809241530849955,-1.02468122164427,0.797188222539708,0.774608320847666,-0.730153910078022,0.728272830257873,2.92361033879335,2.88897320978566,1.34821050143386,2.84262480906597,0.577338431115751,0.46870983410234,-1,0.2,0.65,0.1,6,"Atlantic","West Atlantic",49.08696,-68.32041,15.37,21,0.955687750313506,16.2,1.20951501454263,-0.807399988,5.319999981,14.0512001,14.85859985,26.87200012,35.29660034,0.679400003,78.88888889,5.103600025,2.25911487645051,7.706400013,0.902919996,-0.0443507290165087,16.57460022,1.2194430620034,50,854,79,-0.34128,-0.334,"QU.B",2.42132672573648,1.39489956944409,-1.33783393191124,0.0966391311392338,0.833472337066928,-1.18127810708855,-0.19432194382756,-0.988701173752835,-2.28861015016566,1.80238902494934,0.973853825814012,-1.20806244748457,2.06699592424327,0.655259027525017,1.99222716024866,0.762139959346646,1.42508410357719,0.975058009260232,-1.07181255128055,-0.749913138073169,-0.578039887483798,-0.275982395355685,-0.731374502574607,0.426351223960579,0.194515478314807,-0.275982395355685,-0.731374502574607,0.426351223960579,0.194515478314807,0,0.442273183432017,0.317272215216666,0.230537972661288,0.0480688479658324,1,0.698432484261344,0.986324786324786,0.695906432748538,0.959235062815558,0.768215945804628,0.0516926114423771,0.175107771041287,0.224895344731931,0.459235746533238,0.446545494493393,0.690231870653597,0.749900934131772
"RU.A",100,100,160.1,505.75,924.688057045,0.290825,4.209,41.328,0.005875,0.5328,0.0115301577845945,51.8170921441617,0,51.7972434617874,7.8680012818455,0,7.8680012818455,1263.97581063828,0,1263.97581063828,1.78507324415422,0.602059991327962,0,1,1.7068320602,2.00043407747932,2.19221929827076,2.67952934463701,2.95431899430005,-0.539088872989306,0.590701987441512,1.59479882291855,-1.97491880384377,1.69296990385796,-2,1.69280063304165,0.874873358233765,-2,0.874873358233765,3.88225326458514,3.06398832103222,0,3.06398832103222,0.186213420450324,0.222724679093391,-Inf,0.25,1,0,3,"Atlantic","East Atlantic",66.40611111,33.72305556,23,14,0.703506322187342,18.54,1.26810972980848,-1.055800009,4.066899943,12.61660013,13.6724,24.99519997,30.67089996,0.812699991,42.26388889,0.611799997,0.782176448763321,8.172300053,0.09491,-1.02268802660307,4.423199946,0.645736571628658,5,277,-87,0.45701,-0.40549,"RU.A",1.81893613742235,-0.735854473449389,2.12586443671575,1.70505081992561,1.72054559789501,-1.53606675315031,0.649744222943837,-1.27701038119633,-2.42469082213768,-1.97490505115378,-0.0618849409957647,-1.28646442957932,-1.2003912322767,-0.078992503752221,-2.20836974908108,-1.26826500152483,1.07207671818723,-0.502644146471461,1.7799347271732,0.769602163232231,-0.704976330729356,-0.989983473312098,-1.62864824330083,0.6360175589729,0.321348345008631,-0.989983473312098,-1.62864824330083,0.6360175589729,0.321348345008631,0,0.973597757844953,0.517757393812008,0.169307676147507,0.025252949426848,0.274785845544448,0.506190635235517,0,0.210526315789474,0.859815112101206,0.367691604996113,0.890822181582166,0.635174854192121,0.188838452615121,0.295074550930171,0.204484856168383,0.732046383581297,0.776999838374091
"RU.B",82.75,51.5,55.1052631578947,139.473684210526,693.9139291885,0.19985,2.50741666665,28.744,0.001265,0.2218,0.00554071973375462,88.0529986229859,0,87.9305124024707,13.3566448339353,0,13.3566448339353,754.175993241211,0,754.175993241211,0.342296156983474,0.602059991327962,0,1,1.78352254942105,1.66701706507664,1.66830983420985,2.03910861617386,2.7797628908971,-0.701195764421225,0.391241133279328,1.45340833003107,-2.34686983543302,1.87925626243589,-2,1.8786800727879,1.06062752872829,-2,1.06062752872829,3.53372558080853,2.71568489213423,0,2.71568489213423,-0.516821401242355,0.243773764198524,-Inf,0.315789473684211,1,0,3,"Atlantic","East Atlantic",66.28583333,34.0025,15,10,1.15194413668267,17.54,1.24402958903002,-1.227125004,4.083000034,12.68187511,13.90900004,24.90150023,31.34375,0.798999995,40.00595238,0.641250007,0.800780873273082,8.15737474,0.088612501,-1.05250500573886,2.804499999,0.447855444190679,1,659,24,0.35106,-0.39273,"RU.B",1.72701138096364,-0.665604168043176,2.42300397518583,1.69388074663365,2.83717452480557,0.39702212364051,1.71223673586619,0.293860976080368,-2.34825040010348,-2.15839084592304,0.0189957276621045,-1.24242378432977,-1.35910779422663,-0.0216549233547169,0.572614686558367,0.0894154241181455,1.01820781890559,-0.453924760916007,2.02457695059202,0.567930281869183,-0.682319889047816,-2.27337780208556,-2.38663555212431,0.218753570228606,0.556322913994534,-2.27337780208556,-2.38663555212431,0.218753570228606,0.556322913994534,0,0.969907822936253,0.770123866483508,0.502924905524094,0.0380692949675877,0.239557850893453,0.521202769367685,0.652991452991453,0.535087719298246,0.844643635431673,0.38089676931729,0.962808407474801,0.574114202724821,0.19527412114793,0,0,0.648829922290138,0.827204123038732
"SW.B",57.5,55.85,78.9,156.5,570.405070255,0.39475,3.7535,22.67725,0.07948,0.5970775,0.136499976576925,27.8006505605454,8.74962401524718,15.1592557512022,9.28301667685385,1.49536996677472,7.78764671007915,692.661367619141,102.13460100598,590.526766613161,11.6600023510218,1.07918124604762,0.183158317562499,0.816841682437502,1.1213469714,1.73701020624138,1.86927534781215,2.17041086689969,2.73618954010326,-0.40655939076902,0.56742646254312,1.34618602876734,-1.49740572538073,1.3758134509259,0.823226261201663,1.11004685734927,0.916633497640566,0.0888257766774149,0.82140843539109,3.22645039000112,2.76743965468672,1.94111115064127,2.67229431292849,0.432541049425628,0.0469955201889435,-0.522878745280338,1,1,0.3,11,"Atlantic","East Atlantic",58.2488,11.4536,21,24,-0.198082027658608,15.7,1.19589965240923,1.347000003,10.03750006,20.38199997,19.03500017,28.08933322,32.79716682,0.71633334,59.80952381,1.607333322,1.26780650021997,8.311833382,0.218333334,-0.660879953401789,7.326166789,0.864876801677392,50,632,28,0.17722,-0.27232,"SW.B",0.251825027053602,0.312031217225178,1.07523521375816,0.947489756161039,1.86817362469944,0.087828684609668,0.790214946383882,0.0426034560237837,-0.957791448854334,-1.77187768672862,0.598692267406072,-0.4413200256583,-1.02477106885293,0.389301087584379,0.376052959432018,0.138340844862036,0.153732696188083,0.224076494624895,0.914926083703774,0.237032312485963,-0.468521915468327,-0.540310893387869,-0.65553935924773,0.280755252863463,0.374173919431971,-0.540310893387869,-0.65553935924773,0.280755252863463,0.374173919431971,0,0.723344161329352,0.551122429854166,0.44956354190064,0.271199907086009,0.313765685465948,0.628799335456942,0.606837606837607,0.546783625730994,0.60117543150326,0.564665876569084,0.63629249844865,0.473927476428687,0.256004438392092,0.398462053595515,0.467003803221246,0.661195141341265,0.788286464783784
"UK.A",56.4,0,52.2941176470588,331.411764705882,737.136960092105,0.3631,4.2592,23.0931,0.040455,0.321375,0.124868854131869,54.6816841389258,0.848000822893434,53.7668410770847,26.4278483949773,2.30616304539025,23.657125104677,951.503924733877,81.9451974817138,854.112099108906,6.59105353426489,1.32221929473392,0.0332505889085452,0.962714969647482,1.9430055559,-1,1.66630069875741,2.49373393081429,2.79346438790029,-0.442294914475513,0.622041368648637,1.3557524100122,-0.988205113291874,1.64412216089531,-0.907377710941568,1.63709825887721,1.25698401439896,-1.06905172305322,1.23778542914041,3.31041907903277,2.88336638900258,0.860737655406235,2.86078861314865,0.663735654176686,0.28673308567717,-Inf,0.5,1,0,20,"Atlantic","East Atlantic",52.942282,-4.565173,17.5,34.4,0.497102501600632,18.5,1.26717172840301,7.638199997,11.68279991,16.38339996,8.745200157,34.28199921,30.44760017,0.735199976,79.02380952,8.952200317,2.99202278016061,8.207800293,0.628439999,-0.201736180741957,3.31239996,0.52014277072568,25,637,130,0.41735,-0.55058,"UK.A",0.742891790313005,-1.81327479721148,-1.05881140407902,0.454678906267408,2.08702908804471,-0.178935455048743,0.998459857125952,-0.174175064182509,-0.616817282812449,0.162449223232964,-1.77854915979167,-0.244870007640416,0.648435934568879,-1.29596281685747,0.412453279270231,1.38593907383125,0.441503118756031,-1.24984739142711,-0.842086504237883,0.694110829444043,-0.962595697780664,-0.118263740920884,0.382144552958027,0.419634309310831,0.804709157303198,-0.118263740920884,0.382144552958027,0.419634309310831,0.804709157303198,0,0.560548456155521,0.600585398238969,0.403524731042851,0.328369171935216,0.68514297994857,0.187563280391695,0.615384615384615,0.845029239766082,0.682222237923893,0.165165618297759,0.119289737092778,0.612318172387561,0.115660463004993,0.495497992740245,0.746943378812549,0.688892292154075,0.880273924250271
"UK.B",33.55,0,28.7894736842105,243.947368421053,238.7318563735,0.3859,3.5972,21.6819,0.052815,0.476455,0.119661952806033,101.539763299594,0.958897640380002,100.580865659214,43.8697960356829,0.2689846067924,43.6008114288905,787.744220431947,8.17434312179691,779.56987731015,3.22563493240934,1.14612803567824,0.0338317170072518,0.966168282992748,1.3761096627,-1,1.41213741319682,2.25708937932715,2.33153654939435,-0.416739817751678,0.549364704949294,1.33079813482622,-0.991052447695395,1.36169527509323,-0.719561481035757,1.33762254685599,1.00754223427875,-1.05662649072059,0.992127753372331,2.78776023061447,2.44551152729854,0.646993406355232,2.42940387491033,0.420408698112763,0.129473668856232,-0.301029995663981,0.882352941176471,0.65,0.5,13,"Atlantic","East Atlantic",52.89856,-4.321868,15.3,32.7,0.842375181678784,18.5,1.26717172840301,6.504500031,12.10724998,18.04900026,11.54450011,34.26574898,29.63775015,0.747749999,83.0952381,8.991000175,2.99849965399364,8.211000443,0.639925018,-0.193870910667044,6.248250127,0.795758406688956,25,628,59,0.41194,-0.49637,"UK.B",0.676434098275708,-1.39137798502748,-0.629160998415327,0.450618489252136,1.98008499539593,1.03273262756342,0.896700628968588,0.810453582929502,-0.879404011594725,-0.445461333287859,-1.16079619687717,-0.39615762042161,0.122588832206595,-0.858028007901604,0.346932703561448,0.517512855627191,0.402558194050628,-0.957257155149057,-0.48834485452152,0.683813095813329,-0.866341332298196,-0.56245857425541,0.376342059730293,-0.104911391154317,0.489171290159859,-0.56245857425541,0.376342059730293,-0.104911391154317,0.489171290159859,0,0.559207133310369,0.576415235005334,0.612637386699011,0.284342697971213,0.568428387081425,0.302223439533617,0.6,0.637426900584795,0.671253905092816,0.244470849773346,0.223378581398778,0.609200304294705,0.143001967014677,0.393369918746843,0.745378020159074,0.584280252400624,0.81285661618623
"VA.A",99.75,2,329.4,691.277777777778,1858.925388275,0.3075,8.3075,40.06375,0.140105,0.60944,0.243931691760494,39.9796958751457,39.931176019816,0.0485198553297405,33.2801412509224,32.8086659638831,0.471475287039311,10927.5936602628,10802.6249282654,124.968731997402,82.8556073304458,1.11394335230684,0.982260000292761,0.0177399997072391,2.16131234165,-0.599135725243471,2.50625158878117,2.82020803347772,3.24718011393314,-0.514379460198225,0.916032664964248,1.60072052148655,-0.63772904809162,1.54327414780306,1.54266459098177,-1.77264056070898,1.4735814810739,1.46506498291235,-1.64795297884851,4.04802652152685,3.97831733970683,3.96979865823781,0.411229493988512,1.86574537544674,0.331733430916985,-0.698970004336019,0.55,0.35,0.2,12,"Atlantic","West Atlantic",37.2204206,-76.4013352,27.44,18.27,0.84826611273345,14.633,1.16533337259698,4.924800014,16.03780022,27.75079994,22.82599983,16.64960003,34.11499939,0.505800009,93.00595238,1.083400011,1.04086503015521,8.305000114,0.35068,-0.4550890021177,16.02240028,1.20472757730834,250,636,54,-0.47656,0.13388,"VA.A",-0.109081411697169,2.53025500190674,-0.377013712629862,-1.00539413568663,1.1561969326884,-2.5170915824963,0.112756314956589,-2.0742131501426,-0.281518049410156,-0.106671873970916,2.49226440802577,-0.0516895646529202,0.415644206194983,1.73168421389762,0.405173215302589,0.456356079697327,-0.0577623716056627,1.76243991083038,-0.280745849215168,-1.00741358272435,0.252719981948733,2.07601229180015,1.09636870319926,1.73137448544336,1.07869975595241,2.07601229180015,1.09636870319926,1.73137448544336,1.07869975595241,0,0.0782262416151702,0.390210382837547,0,0.384586952011133,0.633473603664208,0.980262292373934,0.613675213675214,0.62280701754386,0.541610589274379,0.981632171711657,0.284464802257248,0.0971437792480233,0.460876582438089,1,0.939622096429543,0.950497363609411,0.938814310426468
"VA.B",100,0,401.9,467.2,1327.349121485,0.355625,11.25,51.8275,0.126395,0.850745,0.150565554894979,18.4528915450749,15.3150972891633,3.13779425591154,46.46678095127,42.34452594748,4.12225500378999,19605.1195313825,17867.1525001135,1737.96703126893,62.138048012795,1.11394335230684,0.892546606747252,0.107453393252748,2.31337293395,-1,2.57735013070353,2.65054680229088,3.11596216111578,-0.451248720523007,1.04875833481688,1.71158821250251,-0.84342650121775,1.24844428762881,1.16214138712025,0.438613907658214,1.60948275004803,1.55848655340753,0.539541413543649,3.82438797300962,4.18551117764241,4.13449358314191,3.11451877598603,1.73041840278623,0.360522295481075,-0.676693609624866,0.65,0.5,0.210526315789474,12,"Atlantic","West Atlantic",37.2543093,-76.4374474,26.4,18.04,0.292256071356476,14.683,1.16681479879091,4.970499992,16.02050018,27.84124994,22.87074995,16.20124984,34.20499897,0.506500006,92.83333333,1.092000008,1.04498804203685,8.306000233,0.354249999,-0.450690142306457,16.68800044,1.22240430253317,250,644,39,-0.49208,0.07611,"VA.B",0.0127568020194064,2.62797022267349,-0.482334049459635,-1.00224692709358,0.403945162880654,-2.31747252929848,-0.603024777572227,-1.91199823245308,-0.352112785507824,0.0637040479677158,2.54472512579084,-0.0923622564856824,0.563020631727846,1.76887444331189,0.463413727043729,0.272885751907736,0.0136361364371671,1.83020652746847,-0.367458649221248,-1.03695532504389,0.150144540260443,1.82897208286083,0.677184332985983,1.97959060991212,1.25061160060612,1.82897208286083,0.677184332985983,1.97959060991212,1.25061160060612,0,0.0792658941356979,0.220195867601475,0.0344507468115966,0.372750720510733,0.666184594039568,0.989999443968098,0.627350427350427,0.578947368421053,0.561719052849029,1,0.258949471658188,0.0881993591369096,0.431739547082262,0.943201183704674,0.826537280030515,1,0.975544715863391
