Site,Seagrass.pct.cover.site,Macroalgae.pct.cover.site,Zostera.AG.mass.site,Zostera.BG.mass.site,Zostera.shoots.core.site,Zostera.sheath.width.site,Zostera.sheath.length.site,Zostera.longest.leaf.length.site,epibiota.filter.site,epibiota.zostera.marina.site,periphyton.mass.per.g.zostera.site,mesograzer.abund.per.g.plant.site,crustacean.abund.per.g.plant.site,gastropod.abund.per.g.plant.site,mesograzer.mass.per.g.plant.site,crustacean.mass.per.g.plant.site,gastropod.mass.per.g.plant.site,mesograzer.mass.per.area.site,crustacean.mass.per.area.site,gastropod.mass.per.area.site,periphyton.mass.per.area.site,log10.grazer.richness.site,crust.pct.mass.site,gast.pct.mass.site,Leaf.PercN.site,log10.Macroalgae.pct.cover.site,log10.Zostera.AG.mass.site,log10.Zostera.BG.mass.site,log10.Zostera.shoots.core.site,log10.Zostera.sheath.width.site,log10.Zostera.sheath.length.site,log10.Zostera.longest.leaf.length.cm.site,log10.periphyton.mass.per.g.zostera.site,log10.mesograzer.abund.per.g.plant.site,log10.crustacean.abund.per.g.plant.site,log10.gastropod.abund.per.g.plant.site,log10.mesograzer.mass.per.g.plant.site,log10.crustacean.mass.per.g.plant.site,log10.gastropod.mass.per.g.plant.site,log10.mesograzer.abund.per.area.site,log10.mesograzer.mass.per.area.site,log10.crustacean.mass.per.area.site,log10.gastropod.mass.per.area.site,log10.periphyton.mass.per.area.site,log10.Leaf.PercN.site,log10.predation.gastropods.site,predation.amphipods,predation.squidpops,predation.gastropods,grazer.richness.site,Ocean,Coast,Latitude,Longitude,Temperature.C,Salinity.ppt,log10.mean.fetch,day.length,log10.day.length,sst.min,sst.mean,sst.max,sst.range,salinity,parmean,cloudmean,precipitation,nitrate,sqrt.nitrate,ph,phosphate,log10.phosphate,chlomean,log10.chlomean,pop.density.2015,FC1,FC2,Site.1,PC1.env.global,PC2.env.global,PC3.env.global,PC1.zos.site,PC2.zos.site,zLatitude,zPC1.zos.site,zPC2.zos.site,zPC1.env.global,zPC2.env.global,zPC3.env.global,zFC1,zFC2,zcanopy,zshoots,zagbiomass,zbgbiomass,zperiphyton,zperiphyton.perg,zmesograzer.mass,zmesograzer.mass.perg,zmesograzer.abund,zmesograzer.abund.perg,rLatitude,rPC1.zos.site,rPC2.zos.site,rPC1.env.global,rPC2.env.global,rPC3.env.global,rFC1,rFC2,rcanopy,rshoots,ragbiomass,rbgbiomass,rperiphyton,rperiphyton.perg,rmesograzer.mass,rmesograzer.mass.perg,rmesograzer.abund,rmesograzer.abund.perg
SD.A,97,0,353.225,303.575,356.5062389,0.386,12.005,65.178,1.940165,2.04859,1.071013164,28.69083789,20.86798074,7.822857154,27.95132533,6.931530594,21.01979473,10272.22722,2491.7382,7780.489024,377.3637083,1.397940009,0.276171555,0.723828445,1.334179008,-1,2.539268562,2.469837079,2.522060372,-0.415339691,1.039311929,1.803471957,0.001340115,1.411951773,1.24146491,0.851306592,1.381576523,0.764491917,1.232482208,3.949803076,3.919415537,3.301828114,3.770254759,2.53899516,0.123761092,-1.255272505,0.894736842,0.85,0.055555556,24,Pacific,East Pacific,32.713756,-117.225474,19.44,35,-0.196372205,14.12,1.149834697,14.53899988,17.20999972,21.40766716,6.868666808,33.49266688,40.99099986,0.463333338,21.82575758,0.097000003,0.311448235,8.219666481,0.357133329,-0.447169618,2.902666688,0.462797169,250,-728,1718,SD.A,2.793526192,0.382207389,-0.067058457,-0.320978217,-1.41523886,-1.182144724,-0.178373402,-1.258546656,1.657983612,0.2684131,-0.058047744,-1.105047063,2.893393,0.447200588,0.115169639,1.514699536,0.845855349,2.169877483,1.726679524,1.344557231,0.800921232,1.334776483,0.773142862,0.06225956,0.448216465,0.190160451,0.900162723,0.629501621,0.505230387,0.174025974,0.926741249,0.573452056,0.580306204,0.970563409,0.753827716,1,1,0.835715135,0.767598874,0.941262088,0.819436372
OR.A,93.75,0.15,286.8,79.35,170.2953909,0.866,43.941,117.72,5.4145,6.339,0.713800473,1.293258407,0.633187982,0.016427993,2.953483647,2.203855504,0.002495412,729.8474351,542.5459277,0.58098557,217.6765182,0.954242509,0.699420525,0.000722714,2.879417765,-0.843791097,2.420754664,1.832094921,2.202578478,-0.064636745,1.638142361,2.066701294,-0.163284696,0.065152578,-0.311161737,-1.877658854,0.328746876,0.058124457,-1.946655256,2.481615315,2.745966022,2.452177043,0.083238346,2.270716628,0.457557986,-0.903089987,0.9,0.736842105,0.125,8,Pacific,East Pacific,44.61273333,-124.0141333,17,36,0.066325925,14.22,1.152899596,8.599666913,11.38466676,14.27333323,5.673666636,32.64866638,31.32666715,0.668666661,168.0416667,3.951333364,1.987796107,8.191333453,0.661233326,-0.179645266,5.263333321,0.721260874,5,-1019,-265,OR.A,-0.570791279,1.74776122,-1.584209406,-2.883850582,0.020524202,-0.011004875,-1.602607935,0.018251806,-0.338769899,1.22740172,-1.371337579,-1.524466256,-0.475838047,1.413005314,-0.689285826,1.161317925,-0.748050296,1.813834772,1.473398024,-0.057327019,-0.547958502,-0.369138348,-0.831346001,0.385188474,0.109519635,0.437947969,0.336086099,0.856413199,0.223634377,0.022857143,0.211115121,0.765621906,0.395392512,0.890343299,0.466830059,0.924193586,0.945149565,0.585507034,0.528612459,0.591384018,0.49598038
WA.A,NA,NA,169.65,54.16666667,103.4504711,1.041,28.039,121.11,5.097575,6.753,0.762548891,1.475897154,1.475897154,0,0.739804035,0.739804035,0,117.4432799,117.4432799,0,131.0137939,1.204119983,1,0,2.101003793,NA,2.157607553,1.605434728,1.955208324,0.016666046,1.438905805,2.080650436,-0.128700472,-0.009871295,-0.009871295,-2,-0.407770292,-0.407770292,-2,2.158682538,1.756016014,1.756016014,0,2.025074122,0.319409987,NA,0.7,0.9,NA,15,Pacific,East Pacific,46.474,-124.028,17,23,0.389609016,15.68,1.195346058,8.0697999,12.17259998,16.54920025,8.479399967,15.08259983,30.69560013,0.717000008,179.1785714,3.840600014,1.959744885,8.17539978,0.730420005,-0.136427341,12.34800005,1.091596623,50,-739,-447,WA.A,-1.443177109,0.792589836,-0.240914012,-2.832790721,1.030120927,0.172187638,-1.574233047,0.916068152,-0.856538952,0.556612721,-0.208542151,-1.120901396,-0.785066514,1.464185579,-1.312163917,0.376672823,-1.314540932,1.487833199,1.526607161,-1.23999002,-1.491580373,-0.743920078,-0.920724558,0.435701792,0.116267459,0.612186653,0.189817961,0.697694121,0.47296133,0.168311688,0.145434861,0.775805439,0.252216546,0.712223346,0.364828109,0.854783345,0.956672492,0.37442551,0.361427199,0.514427174,0.477962162
MX.A,79.95,20.1,241.375,161.55,358.0977846,0.75625,20.634,80.54225,1.4920605,3.39489,0.434633436,71.50179672,65.73845713,2.510137201,36.88663371,24.29361542,11.01298792,9552.622772,6066.380833,3091.312598,106.1782257,1.322219295,0.692152797,0.247793132,2.205975682,0.924280911,2.362422596,2.195174726,2.532152748,-0.12248819,1.313808294,1.9052673,-0.387565112,1.731049739,1.691687268,0.20695186,1.439913354,1.262860374,0.668434669,4.091388462,3.800146088,3.623007011,3.011972558,1.972276747,0.341880638,#NAME?,NA,0.8,0,20,Pacific,East Pacific,30.419675,-115.9641889,17.855,34,0.374519227,14.08,1.148602655,14.51799965,17.06075001,20.66474962,6.146749973,33.56949997,42.52075005,0.462250009,13.51282051,0.170249995,0.412613615,8.23300004,0.389024995,-0.410022494,2.252249986,0.352616593,5,-884,1610,MX.A,2.6993541,1.328020964,-0.061789765,-1.564354393,-0.678983962,-1.40793637,-0.869340035,-0.603808317,1.602091605,0.932630383,-0.053487012,-1.329890341,2.709894789,0.820694002,0.140582243,0.987384908,0.159393164,1.41776378,1.12833412,1.202069668,0.87566207,1.499094322,1.1532954,0,0.283897876,0.317225131,0.884373406,0.78666573,0.506208301,0.092987013,0.887766149,0.647767466,0.586147595,0.850859282,0.630223763,0.839864598,0.870422807,0.810283975,0.780841008,0.975002747,0.896073001
VA.A,99.75,2,329.4,691.2777778,1858.925388,0.3075,8.3075,40.06375,0.140105,0.60944,0.243931692,39.97969588,39.93117602,0.048519855,33.28014125,32.80866596,0.471475287,10927.59366,10802.62493,124.968732,82.85560733,1.113943352,0.98226,0.01774,2.161312342,-0.599135725,2.506251589,2.820208033,3.247180114,-0.51437946,0.916032665,1.600720521,-0.637729048,1.543274148,1.542664591,-1.772640561,1.473581481,1.465064983,-1.647952979,4.048026522,3.97831734,3.969798658,0.411229494,1.865745375,0.331733431,-0.698970004,0.55,0.35,0.2,12,Atlantic,West Atlantic,37.2204206,-76.4013352,27.44,18.27,0.848266113,14.633,1.165333373,4.924800014,16.03780022,27.75079994,22.82599983,16.64960003,34.11499939,0.505800009,93.00595238,1.083400011,1.04086503,8.305000114,0.35068,-0.455089002,16.02240028,1.204727577,250,636,54,VA.A,-0.281518049,-0.106671874,2.492264408,1.156196933,-2.517091582,-0.738582698,0.64251955,-2.238404613,-0.167083564,-0.074912545,2.157376308,0.860890323,0.0661613,-0.296706977,1.941021273,1.416250397,1.721535645,1.276381919,0.743447442,1.414925414,0.918797495,1.448770341,0.929591788,0.184566903,0.643432796,0,0.384586952,0.54826545,0.980262292,0.882597403,0.326236016,0.425433931,1,0.948214763,0.911502164,0.809762446,0.787072062,0.848274438,0.788483483,0.964669333,0.850975602
JN.A,83.75,0.75,144.025,53.9,133.6898395,0.795,31.49,142.917,2.77276825,4.42125,0.619009507,21.99815774,21.99815774,0,52.61234567,52.61234567,0,7136.83237,7136.83237,0,92.07346161,1.079181246,1,0,2.378216213,-0.743864474,2.125973885,1.702591566,2.119200359,-0.100373137,1.4960554,2.151581767,-0.263305301,1.234558163,1.234558163,-2,1.642071473,1.642071473,-2,3.356677223,3.764236403,3.764236403,0,1.858769065,0.372634813,-1.255272505,0.8,0.8,0.055555556,11,Pacific,West Pacific,43.021167,144.903217,21,26,0.351941176,15,1.176091259,0.202600001,8.268200016,19.60700035,19.40439987,32.58700027,27.66939964,0.666999996,91.546875,6.615999985,2.572158624,8.152200317,0.705379999,-0.151576859,4.25899992,0.629307632,5,-478,-503,JN.A,-1.98178141,-0.197477316,-0.47488413,-2.592962736,0.73026564,-0.167652518,-1.440956297,0.649412198,-1.176205582,-0.138682558,-0.411073467,-0.744721296,-0.880213735,1.724437025,-0.899231945,0.282348388,-1.071717354,1.26712339,1.31951254,1.159169466,1.134665974,0.646420427,0.561807665,0.341994612,0.147961967,0.560436891,0.099513137,0.533176476,0.429534503,0.303896104,0.12522555,0.827588662,0.34713389,0.690811036,0.408550771,0.807791177,0.91182425,0.802627153,0.826729765,0.799916591,0.776832377
VA.B,100,0,401.9,467.2,1327.349121,0.355625,11.25,51.8275,0.126395,0.850745,0.150565555,18.45289155,15.31509729,3.137794256,46.46678095,42.34452595,4.122255004,19605.11953,17867.1525,1737.967031,62.13804801,1.113943352,0.892546607,0.107453393,2.313372934,-1,2.577350131,2.650546802,3.115962161,-0.451248721,1.048758335,1.711588213,-0.843426501,1.248444288,1.162141387,0.438613908,1.60948275,1.558486553,0.539541414,3.824387973,4.185511178,4.134493583,3.114518776,1.730418403,0.360522295,-0.67669361,0.65,0.5,0.210526316,12,Atlantic,West Atlantic,37.2543093,-76.4374474,26.4,18.04,0.292256071,14.683,1.166814799,4.970499992,16.02050018,27.84124994,22.87074995,16.20124984,34.20499897,0.506500006,92.83333333,1.092000008,1.044988042,8.306000233,0.354249999,-0.450690142,16.68800044,1.222404303,250,644,39,VA.B,-0.352112786,0.063704048,2.544725126,0.403945163,-2.317472529,-0.735247251,0.224479634,-2.060886952,-0.208982192,0.044737495,2.202787826,0.872420747,0.040675437,0.110073443,1.610614445,1.628250151,1.297502216,1.096784313,0.42697413,1.662453556,1.092913476,1.189225172,0.578350691,0.185486616,0.544018836,0.034450747,0.372750721,0.576576505,0.989999444,0.886753247,0.320822808,0.506372582,0.924052046,0.996340197,0.835150969,0.771523633,0.718536859,0.892453226,0.819332308,0.911374907,0.780167359
MX.B,93.075,3.375,155.75,186.175,1807.995926,0.313,10.6022,45.6221,0.285685,0.668585,0.508317662,164.5782203,160.9118579,3.429649862,85.6526207,72.44863562,13.10865131,12717.04723,11175.30105,1522.055459,64.60796069,1.278753601,0.854122746,0.144024432,2.91432761,-0.164324736,2.135984597,2.255976891,3.220809739,-0.507057302,1.01305152,1.647037476,-0.453535955,2.064335318,2.048589684,0.359870868,1.820433016,1.740603388,0.584912791,4.196284037,3.952372709,3.87254257,2.701059739,1.677773578,0.456565491,-1.301029996,NA,0.85,0.05,18,Pacific,East Pacific,31.7584722,-116.6227778,25.416,33,-0.189599444,14.12,1.149834697,15.03000005,17.81433296,21.60600026,6.576000055,33.52033361,41.98400116,0.40866666,26.06547619,0.055333334,0.235230385,8.224666913,0.36833334,-0.433758969,5.229000012,0.718418643,5,-943,1561,MX.B,2.42529743,2.345101525,0.679545483,1.072179001,-1.148401334,-1.276167168,0.595829266,-1.021252807,1.439436439,1.646896391,0.588234266,-1.414927222,2.626640971,-0.126767203,1.874620666,0.312198063,0.311355697,1.02691735,1.026835483,1.383930157,1.363181833,1.620831563,1.550350137,0.036333906,0.632329392,0.236211927,0.83842383,0.955672143,0.643806374,0.062337662,0.870083003,0.459247496,0.984737028,0.697587122,0.657586042,0.756647991,0.848442345,0.842742409,0.867216833,1,0.976117018
NC.B,99,0,151.2,217.65,419.3722944,0.3485,6.1345,25.674,0.12898,0.43817,0.301817744,4.800742521,3.786873684,1.013868837,5.53018207,3.552876071,1.977306,855.0461512,552.4692193,302.5769319,46.6870496,1.322219295,0.598235206,0.401764794,1.536371273,-1,2.157715705,2.307031355,2.606041037,-0.459206149,0.785056913,1.405801029,-0.527903685,0.530682267,0.373544997,-0.63401725,0.488020948,0.115908285,-0.493508453,2.692932627,2.65015974,2.276356371,1.622262827,1.626253742,0.185050007,NA,0.8,1,NA,20,Atlantic,West Atlantic,34.670544,-76.574561,24.4,25,0.20310091,14.2,1.152288344,13.58224988,21.36199999,28.63925028,15.05700016,34.94900036,35.64999962,0.484249994,118.0595238,0.307999998,0.554977475,8.28550005,0.114250001,-0.942143787,4.128000081,0.615739697,100,600,20,NC.B,2.027348448,-1.203950135,1.113986008,1.247949478,-0.51546345,-0.98955066,0.6935081,-0.458392445,1.20325004,-0.845499059,0.964298576,0.809003412,0.008393344,-1.011878657,0.326632968,0.376995307,0.438955854,0.958543403,0.912417917,-0.171783854,-0.34389741,-0.123892671,-0.276744243,0.115365252,0.655558369,0.345445903,0.771701911,0.365932732,0.724442199,0.863896104,0.313966077,0.283133494,0.628913575,0.712296552,0.680561647,0.742090233,0.82366417,0.565078794,0.564766779,0.641742218,0.607784997
BB.A,83.2,17.8,186.85,63.45775,327.0626432,0.74425,14.72,67.811875,0.86605,2.89455,0.3369484,6.302664671,6.070315907,0.232348765,3.59174049,3.266047522,0.325692968,613.9144216,565.8458276,48.06859398,64.86026744,1.322219295,0.830903131,0.169096869,2.95128001,0.9765027,2.174830352,1.687974091,2.403829079,-0.13149055,1.143617918,1.810131999,-0.573270061,0.622722043,0.578369436,-1.240584703,0.340982046,0.226351648,-1.223396138,2.793130625,2.510738085,2.393971764,0.873876759,1.597411606,0.467901436,-0.726998728,0.526315789,0.4,0.1875,20,Pacific,East Pacific,38.319755,-123.055136,13,33,-0.138913855,14.5,1.161368002,10.81333319,12.19699987,14.38699977,3.573666732,33.45366669,35.31733449,0.546333313,91.58333333,3.673000018,1.916507244,8.20966657,0.754900018,-0.122110564,7.664000193,0.884455507,5,-898,308,BB.A,0.234226516,2.611866561,-0.635559107,-1.152979429,0.55323047,-0.630382279,-0.640731526,0.491977982,0.139015602,1.834237694,-0.550158384,-1.350068584,0.497721908,0.471636692,-0.182536777,0.428027309,-1.108250733,0.920265901,0.842620032,-0.338346642,-0.532282867,-0.007607233,-0.167094048,0.214401977,0.338263204,0.529883726,0.471059009,1,0.399711872,0.085714286,0.417899675,0.578314201,0.51187483,0.723881175,0.401972593,0.733940423,0.808548797,0.535350691,0.531389774,0.665620011,0.629889864
WA.B,81.5,2.175,102,266.45,1047.237077,0.4575,5.85325,27.2295,0.09953,0.27469,0.435551072,34.63287918,31.50474077,3.128138406,18.57467954,12.26635964,6.308319897,1901.052939,1246.822965,654.2299736,43.15154949,1.301029996,0.713725914,0.286274086,2.219396532,0.238031398,1.997674066,2.401990594,3.008345053,-0.341706411,0.76482318,1.43231819,-0.403934981,1.463884002,1.420039172,0.048568963,1.009459443,0.805421512,0.067798423,3.457027512,3.002721237,2.79871558,2.076836561,1.58923698,0.344473985,-1,NA,1,0.1,19,Pacific,East Pacific,47.809,-122.815,16,20,0.430961453,15.93,1.202215776,3.374000064,10.17666658,15.13666693,11.76266638,29.46999995,31.97866567,0.68900001,93.07539683,10.23499997,3.19921865,7.842333317,2.172433297,0.336946451,8.288333257,0.918467205,5,-770,-581,WA.B,-1.839126311,1.287177877,-0.068466571,1.404432944,-0.755088063,0.303583106,0.780468792,-0.671486336,-1.091538462,0.903947474,-0.059266648,-1.165581792,-1.012740221,-0.914585551,1.339634548,-0.100212623,0.676286984,0.909417041,1.103148458,0.249410585,0.324166812,0.762882605,0.835011537,0.471932646,0.676238468,0.304090898,0.123431333,0.779878909,0.504969029,0.152207792,0.097076868,0.302492274,0.861764082,0.603966998,0.723295342,0.731630551,0.86496862,0.640253517,0.683130388,0.823830675,0.831908752
SD.B,100,2.5,242.525,1122.425,1059.969442,0.295,5.327,32.392,0.061675,0.431525,0.145624436,21.83977058,21.24994347,0.589827119,8.526203845,7.166691366,1.35951248,2175.475729,1842.983346,332.492383,35.74216613,1.431363764,0.831902356,0.168097644,1.878844338,-0.165081336,2.374214154,3.016860513,3.014039201,-0.532872268,0.718779507,1.504241711,-0.843956631,1.29575351,1.282860284,-0.297503049,0.875093284,0.79281377,0.009251167,3.667947004,3.247068442,3.164711642,2.377688912,1.526624248,0.271312943,NA,0.95,0.9,NA,26,Pacific,East Pacific,32.700762,-117.172885,21.11,35,-0.058612811,14.2173,1.152817128,14.44366678,17.01533318,21.09233411,6.648666859,33.4956665,41.60299937,0.444000006,21.53333333,0.091333335,0.302214055,8.221333186,0.357866665,-0.446278754,4.134000063,0.616370479,250,-833,1921,SD.B,2.641706016,1.158332563,0.255774418,1.641323082,-2.371406787,-1.18342364,0.912112927,-2.108849726,1.567876935,0.813463169,0.221405749,-1.256383885,3.238301675,-0.650693704,1.353972414,1.022544661,2.213028161,0.826321288,0.426158505,0.541324717,0.152017605,1.007666591,0.634711817,0.061906913,0.707544724,0.02514264,0.874707869,0.758468919,0.565150891,0.119480519,1,0.354999841,0.865059811,0.858840793,1,0.713938317,0.718360228,0.69235431,0.652630025,0.874094073,0.791529447
BB.B,93.75,0,241.05,183.45,389.9286988,0.823125,17.06125,73.30875,0.5294,4.11825,0.141452708,5.328051416,4.71071193,0.617339486,4.918026977,2.076824102,2.841202875,1200.10066,466.1102852,733.9903743,32.69299494,1.278753601,0.547922612,0.452077388,2.075897902,-1,2.366566108,2.243225366,2.501715498,-0.087109188,1.220926818,1.856865634,-0.887172773,0.573257663,0.520412676,-0.518774813,0.425600166,0.091240938,-0.114413001,2.91722593,2.769106576,2.433918808,2.17477873,1.475327431,0.307456608,-0.823908741,0.85,0.55,0.15,18,Pacific,East Pacific,38.1496437,-122.9063846,18.4,34,-0.23470407,14.5,1.161368002,10.76099968,12.43100023,14.57499981,3.81400001,33.46650124,35.05600166,0.541500002,82.90740741,4.759000063,2.181513251,8.21449995,0.78945002,-0.10267536,8.312499762,0.919731646,5,-1063,627,BB.B,0.538642305,1.798190945,-0.659987381,-1.438204446,-0.679111584,-0.647125241,-0.799236227,-0.603921809,0.319689186,1.262817045,-0.571304206,-1.587883591,1.039721254,0.643105292,0.063941243,0.999739921,0.279485877,0.758243318,0.359668835,-0.029681707,-0.423870583,0.136412378,-0.226022689,0.209785289,0.300569244,0.317203105,0.522098732,0.864793014,0.395177779,0,0.53302057,0.612431963,0.568530746,0.853663957,0.651847582,0.699443576,0.703961279,0.590441165,0.550597612,0.695192676,0.618010179
JN.B,94.25,3.25,208.375,83.65,192.5770308,0.9575,70.026,247.431,1.39737415,9.16675,0.166186837,8.345941774,2.020976549,6.324965225,8.329976418,5.000868823,3.329107595,1577.51313,942.1763186,635.3368119,33.8184672,1.255272505,0.568693221,0.431306779,2.361092579,-0.570529155,2.255168502,1.878319522,2.273168467,-0.019239308,1.844188461,2.3877464,-0.810080399,0.857912591,0.211685463,0.700324843,0.832991358,0.556672332,0.409008286,3.109948549,3.085009404,2.808384483,2.659967818,1.441289697,0.370112332,#NAME?,0.55,1,0,17,Pacific,West Pacific,43.052222,144.842699,16,30,0.421603927,15,1.176091259,0.374666671,8.511666616,21.20933342,20.83466657,32.57100042,27.34366608,0.674999992,91.56481481,6.586666584,2.566450191,8.152333577,0.703433335,-0.152777055,5.186333259,0.71486042,5,-600,-693,JN.B,-1.938359093,-0.200235757,-0.508583023,-3.712570605,0.019689475,-0.164595974,-2.063142644,0.017509499,-1.150434036,-0.140619731,-0.440244206,-0.92056027,-1.203034662,2.590939679,-0.511540222,0.667577482,-0.632521393,0.713070538,0.478278369,0.34771774,0.098076842,0.360077864,0.113096657,0.34283742,0,0.43780391,0.106793518,0.532718111,0.423279704,0.240519481,0.056658246,1,0.436249461,0.778260748,0.487632122,0.689825667,0.729647263,0.657799365,0.643073124,0.741119648,0.686374744
SF.A,62,0,148.2631579,113.8947368,48.35,0.958333333,23.2975,117.4633333,0.77178,2.402725,0.334133372,4.888291585,3.75869737,1.129594215,55.00937259,15.09892435,39.91044823,7971.062345,2298.284467,5672.777878,53.38950367,0.77815125,0.389440381,0.610559619,2.855732715,-1,2.148370571,1.992579219,1.615057014,-0.019440617,1.358487959,2.064934047,-0.732499494,0.588518711,0.23038495,-0.251472858,1.538010444,0.630347112,0.971972582,2.745678473,3.670376774,2.719147467,3.062819506,1.425862766,0.454927219,NA,0.6,0.4,NA,5,Pacific,East Pacific,37.946557,-122.418499,17.7,30,0.343900712,14.6,1.164352856,11.10000014,14.46125007,17.84749985,6.747500062,33.22599983,38.66674995,0.449500002,64.60294118,3.300999999,1.816865432,8.208499908,0.74817501,-0.125996802,6.856000066,0.836070813,250,-988,-704,SF.A,1.114507813,2.531725461,0.381382405,-2.79120094,0.839327745,-0.66711376,-1.551120853,0.746399181,0.661470687,1.777956937,0.330135664,-1.479785861,-1.221724295,1.406521176,-2.168664974,0.349130234,-0.346952728,0.692596868,0.597639526,1.047038237,1.001343538,-0.062678137,-0.20784167,0.204273676,0.121763764,0.579259097,0.618650938,0.9866831,0.588464793,0.038961039,0.05268856,0.764331733,0.055339553,0.705970984,0.539051437,0.68546654,0.755496018,0.782613987,0.803108496,0.654311874,0.621675371
NC.A,63,0,148.25,194.25,590.6402965,0.4435,9.9025,45.358,0.17785,0.805535,0.223153817,43.17574215,20.77175006,22.40399209,22.8718319,13.66058555,9.211246342,3643.613689,2025.645896,1617.967793,31.90631746,1.414973348,0.787171665,0.212828335,1.657610905,-1,2.114436541,2.200131238,2.738493156,-0.354152794,0.988563917,1.649109693,-0.69084368,1.29508573,1.005012693,-0.473981332,0.912407795,0.596375392,-0.621030545,3.405306872,3.022263709,2.69647899,1.481708988,1.419228445,0.213616026,NA,0.833333333,1,NA,25,Atlantic,West Atlantic,34.692458,-76.622589,22.6,34,-0.744727495,14.15,1.15075644,13.64949989,21.24549961,28.57875013,14.92925024,34.89050007,35.68824959,0.486749992,117.4615385,0.308749996,0.555652766,8.286499977,0.115625,-0.936948254,4.136500061,0.616633035,100,574,26,NC.A,2.371619882,-0.891209344,0.576473906,0.338727764,-0.472892488,-0.987393806,0.188237146,-0.420534848,1.407578318,-0.625870325,0.499012522,0.771529533,0.018587689,-0.119164112,0.660147425,0.247946639,0.171780948,0.683792206,0.661728572,0.272757378,0.199824758,0.702857882,0.633916267,0.11595998,0.53540002,0.352792904,0.829424011,0.417900296,0.62467542,0.85038961,0.316131361,0.460760312,0.705575854,0.683001597,0.6324543,0.683591906,0.76937509,0.64442045,0.661100209,0.811505332,0.791369069
LI.A,NA,NA,99.85,480.9,298.2054066,0.433,11.368,43.233,0.2788875,1.0321,0.279841049,1.274732427,1.177422852,0.097309574,0.880451674,0.818519051,0.061932623,87.43615686,83.12744143,4.308715431,26.9626142,0.954242509,0.90630061,0.09369939,1.758885308,NA,1.950781972,2.6272133,2.397751153,-0.365056637,1.047450475,1.63133398,-0.58453873,-0.035661783,-0.069132249,-1.602383574,-0.403140199,-0.453465195,-1.663753837,1.910784348,1.545968562,1.496615401,0.289525073,1.361109001,0.243819956,NA,NA,NA,NA,8,Atlantic,West Atlantic,40.85762,-72.45119,20.3,31.4,0.307496038,12.4,1.093421685,3.34119997,12.73459988,22.15019951,18.80900002,30.85060005,32.64939957,0.540800011,95.34722222,1.853999972,1.361616676,8.03579998,0.595499992,-0.22511824,5.148200083,0.711655417,50,648,-18,LI.A,0.068176259,-0.200533943,0.243527733,0.242662245,-0.544432476,-0.380596542,0.134851799,-0.484154083,0.04046324,-0.140829139,0.210804664,0.87818596,-0.056170841,-0.184384302,-0.197840996,-0.24003423,1.239184917,0.606659666,0.825282759,-1.490927288,-1.485648323,-1.03161993,-0.951449666,0.283277643,0.522704465,0.340446357,0.443218275,0.532668562,0.562877803,0.888831169,0.300252616,0.447783202,0.508356973,0.57222651,0.824650393,0.667169322,0.804794251,0.329638262,0.362478205,0.455351528,0.471768152
CR.A,97.4,0,80.325,43.5,332.6330533,0.529458333,9.688416667,47.26179167,0.433685,1.286395,0.309004068,0,0,0,0,0,0,0,0,0,26.090026,0.602059991,NA,NA,1.528303111,-1,1.888814932,1.627870058,2.512415635,-0.277144979,0.982278701,1.671487222,-0.578197428,-2,-2,-2,-2,-2,-2,0,0,0,0,1.305535455,0.18312186,-0.397940009,0.85,0.842105263,0.4,3,Atlantic,East Atlantic,44.21154996,15.4906946,17,25,0.130936537,14.85,1.171726454,8.196000099,15.77700043,24.83699989,16.64100075,38.43399811,33.14300156,0.656000018,84.82083333,0.606000006,0.778460022,8.246999741,0.0348,-1.458420756,0.612999976,-0.212539542,250,372,-159,CR.A,1.195468067,-3.276656664,-0.592562433,0.012121863,0.979107307,-0.050490776,0.006736338,0.870702651,0.709521346,-2.301100391,-0.512939217,0.480386313,-0.295737951,-0.037059572,0.090884188,-0.424805914,-1.258468428,0.532905886,0.835039091,-3.337848652,-3.531536592,-3.249193102,-3.291634308,0.374300672,0.492237362,0.603382597,0.632225098,0.021514887,0.407692418,0.745454545,0.249368459,0.477096965,0.574723903,0.530282039,0.374924489,0.651466123,0.806907074,0,0,0,0
ES.A,98.75,0,182.3,180.45,725.7448434,0.4,9.133,46.9555,0.12602,1.161195,0.110502695,6.935815252,6.408233542,0.52758171,12.72896076,9.554332278,3.174628477,2226.721126,1663.628071,563.0930549,19.91868596,1.079181246,0.834401082,0.165598918,1.841279663,-1,2.236476516,2.243162822,2.841915319,-0.399703231,0.956315716,1.65685019,-0.971842573,0.773260559,0.733295814,-0.798507247,0.85252002,0.747516638,-0.646508625,3.00674462,3.085766695,2.980668288,1.502531897,1.260229185,0.262718912,-0.602059991,NA,1,0.25,11,Atlantic,West Atlantic,37.265686,-75.812668,28.05,35.42,0.698481148,14.683,1.166814799,5.654800034,16.02020016,26.59400024,20.93919983,26.42399979,34.28500061,0.503400004,88.38461538,0.646999991,0.804363096,8.281800079,0.249199998,-0.603451965,4.743600035,0.676108064,25,698,88,ES.A,1.123721395,-0.648737307,0.633216405,0.490204788,-0.853621094,-0.734127515,0.272415668,-0.759110001,0.666939033,-0.455589286,0.548130474,0.950251113,0.123929255,-0.090763748,0.920564448,0.611842213,0.279329562,0.472778201,0.229401146,0.348622453,0.123096859,0.240303874,0.012247738,0.185795371,0.555418491,0.287085825,0.620195728,0.458191431,0.635207307,0.914805195,0.338505955,0.466411241,0.765435816,0.76560845,0.651819436,0.638664108,0.675750615,0.657960838,0.64750602,0.716525524,0.666044166
SF.B,58.75,0.25,206.6,82.525,34.55,0.916666667,27.57333333,126.85,0.245735,2.688585,0.093322348,14.74196055,14.72057749,0.021383056,308.2405977,307.2599537,0.980644058,62222.44906,62118.99111,103.4579481,19.00759837,0.903089987,0.995012408,0.004987592,2.902931869,-0.914621491,2.28692159,1.899089914,1.51944492,-0.039225441,1.432774631,2.097904367,-1.06466338,1.097998044,1.096939787,-1.917943102,2.405395363,2.403113598,-1.835361861,3.382330365,4.689894168,4.687612396,0.165800185,1.21741225,0.461997295,NA,1,0.95,NA,7,Pacific,East Pacific,37.978118,-122.405941,17.5,27,0.786307676,14.6,1.164352856,10.84800029,14.61775017,18.38699961,7.539000034,33.23974991,38.25500011,0.447750002,61.72619048,3.301749945,1.817071805,8.208250046,0.749625012,-0.125155931,8.537750006,0.931343434,250,-1000,-686,SF.B,0.855171287,2.528640216,0.727111019,-3.120121735,0.833479063,-0.664007413,-1.733908089,0.741198053,0.507552062,1.77579026,0.629408373,-1.497081497,-1.19114126,1.52749132,-2.409416242,0.762258003,-0.58061006,0.415954207,0.086592824,2.26502449,2.112632476,0.676192348,0.399118833,0.205130216,0.07829518,0.578249717,0.575169407,0.986170431,0.652634939,0.032727273,0.05918441,0.788401624,0,0.799753892,0.496979244,0.626565494,0.644824161,1,1,0.806029891,0.744035217
KO.A,38.75,0,119.725,39.325,78.82165606,1.0745,26.405,118.137,0.624,6.0915,0.10317407,8.640187097,0.506044462,6.364202424,38.58920976,0.318193185,36.66885675,4344.322256,34.31390401,4121.615269,12.48201371,1.079181246,0.008082613,0.943886446,2.503896284,-1,2.063964804,1.568343624,1.8788764,0.030142408,1.410267417,2.070695832,-0.997502819,0.901812311,-0.915454345,0.76024591,1.544062306,-1.16267765,1.518306238,2.961775584,3.604087358,0.888244208,3.578329635,1.062192121,0.396516998,-1.301029996,NA,1,0.05,11,Pacific,West Pacific,34.89466111,128.0202722,23.8,31.3,0.167686476,14.14,1.150449409,8.558399963,17.66940002,27.50720024,18.94880028,32.77419891,34.3526001,0.551199996,131.265625,1.446199989,1.202580554,8.051200104,0.343919992,-0.463542578,6.737200069,0.828479444,50,-515,-203,KO.A,0.603057879,0.325174164,0.83463107,-2.80472733,1.366923449,-0.967492254,-1.558637713,1.215580623,0.357920425,0.22836033,0.722480845,-0.798049509,-0.370496481,1.427661523,-1.504367714,0.097451347,-1.407242535,0.209955631,0.189921886,0.967844299,1.009097152,0.188114767,0.165395925,0.121447614,0.119976181,0.67031286,0.532898937,0.620024515,0.672591567,0.284675325,0.233489715,0.768538108,0.208036209,0.648838108,0.348136316,0.58270555,0.667201018,0.768479464,0.804482235,0.70580913,0.696917985
CR.B,70.75,0,39.5,39.15789474,447.2243443,0.4685,5.183916667,27.60055,0.16621,0.61026,0.294211101,0.739226149,0.033108198,0.706117951,8.788578074,1.196089922,7.592488152,362.3371634,61.69305913,300.6441043,13.13032907,0.602059991,0.083333333,0.916666667,1.496188617,-1,1.59222225,1.584861677,2.639654778,-0.330231581,0.712285753,1.438297785,-0.601444956,-0.802937653,-1.908626239,-0.894311414,-0.179714959,-1.831051233,-0.348663726,0.982910633,1.633109142,0.161545277,1.471563866,1.00527303,0.167780187,-0.823908741,0.9,0.8,0.15,3,Atlantic,East Atlantic,44.20557132,15.47773378,19,20,0.210853365,15.383,1.18704104,8.196000099,15.77700043,24.83699989,16.64100075,38.43399811,33.14300156,0.656000018,84.74583333,0.606000006,0.778460022,8.246999741,0.0348,-1.458420756,0.612999976,-0.212539542,250,402,-143,CR.B,0.981814256,-3.406133248,-0.30219908,1.310138453,1.433506717,-0.051079215,0.728067638,1.274791935,0.582715835,-2.392028019,-0.261592282,0.523625405,-0.26855303,-0.892646048,0.411272374,-1.309178138,-1.365959052,0.134416127,0.79927189,-1.386823102,-1.199397096,-2.108469789,-1.865532176,0.374138417,0.663776963,0.681803964,0.596402938,0,0.461586305,0.761038961,0.255142548,0.306857661,0.648368953,0.329523328,0.355569794,0.566622146,0.799161358,0.348218762,0.413194479,0.23423358,0.287494224
LI.B,NA,NA,103.175,257.925,323.083779,0.447,12.593,48.045,0.10445,1.198175,0.087383663,10.44141778,10.14265381,0.298763966,3.510746066,3.127820235,0.382925831,374.4190328,328.3435771,46.07545571,9.283127155,1.041392685,0.894904351,0.105095649,1.509795156,NA,1.972212225,2.382546947,2.495045733,-0.35109157,1.093178149,1.675144203,-1.083087084,0.539269374,0.505788118,-1.096927782,0.215496245,0.128449025,-1.181587079,2.534427596,2.210800001,2.123568211,0.826410962,0.886398623,0.168983594,NA,NA,NA,NA,10,Atlantic,West Atlantic,40.83158,-72.54082,18.8,30,0.241795431,11.8,1.071882007,2.996333341,12.67449999,22.82066663,19.82433319,30.71199989,32.79133352,0.542333345,94.85714286,1.860666653,1.364062555,8.02699995,0.600899984,-0.221197808,6.326999982,0.801197833,50,618,-49,LI.B,-0.006169482,-0.453509483,0.544185566,0.075270009,-0.322133262,-0.383159491,0.041828905,-0.286467359,-0.003661645,-0.318486481,0.471062798,0.834946868,-0.108841624,-0.023641883,0.047146771,-0.176134068,0.627691578,-0.02334665,0.058247258,-0.696673499,-0.693054608,-0.307846713,-0.266514123,0.282570938,0.500582716,0.378811302,0.430753133,0.49063208,0.618682432,0.873246753,0.289065319,0.479766734,0.564670336,0.586732296,0.714545283,0.53303227,0.638685668,0.471396565,0.502905202,0.603969506,0.609847332
IR.B,65.55,24.85,46.75,83.5,334.224599,0.308,8.087,35.9191,0.115435,0.622725,0.205392896,0.390822634,0.299905691,0.090916943,1.890621879,0.370991904,1.519629975,92.96281326,25.05787414,67.90493912,9.551254589,0.84509804,0.780480316,0.219519684,2.370700407,0.969486902,1.620747143,1.815949824,2.45384431,-0.515390988,0.880451719,1.54005644,-0.72906212,-0.778378773,-0.912281548,-1.662961279,-0.879288412,-1.10666725,-1.645284802,0.95878766,0.885590327,0.698836579,0.276170191,0.883947568,0.370741204,-0.954242509,1,0.105263158,0.111111111,6,Atlantic,East Atlantic,55.2225,-7.701944,16.3,40,-1.083546051,17.18,1.235023159,6.752666632,10.91699998,15.70433346,8.951666594,35.02333323,28.16849995,0.809999992,95.96212121,4.266333342,2.065510431,8.186500231,0.382250006,-0.417652499,1.896499991,0.277952845,NA,698,108,IR.B,-0.874126311,-0.131482584,-2.789081267,1.196170851,1.113465062,1.033246255,0.66473378,0.990184603,-0.518802044,-0.092336383,-2.414309584,0.950251113,0.157910405,-0.519287244,-0.056598419,-1.224123366,-0.788401652,-0.026599539,0.602928057,-2.279860971,-2.095686876,-2.136465863,-1.836274325,0.673129223,0.648715556,0.626570389,0.285227581,0.5441427,0,0.914805195,0.345723565,0.381146286,0.540823266,0.348831359,0.459564419,0.532339685,0.756641298,0.188829491,0.254395235,0.228484929,0.293392443
FI.A,84,74.5,30.775,88.65,206.9009422,0.3425,6.390375,25.22625,0.27575,0.573215,0.523106833,183.6584289,1.097685548,182.3909278,52.07104015,4.149973399,47.92106675,1719.811847,141.001194,1578.810653,14.42721578,0.954242509,0.107359882,0.892640118,2.459293604,1.847687514,1.427201184,1.821839058,2.279905611,-0.46626372,0.800882836,1.400534985,-0.560239147,2.06440572,-0.219778168,2.05685437,1.604039545,0.256668908,1.55195386,3.469872946,3.009995997,1.723007385,2.958152879,0.855750984,0.388762176,#NAME?,0.6,0.052631579,0,8,Atlantic,East Atlantic,59.92025,21.79618333,14,6.5,0.355068206,19,1.278753601,0.853666663,8.203666846,18.91733329,18.06366698,6.239333312,36.73499934,0.747166663,51.51190476,1.676833332,1.294925995,8.255833467,0.190100004,-0.721017874,12.84300009,1.108666486,1,563,71,FI.A,-2.191960679,-0.372240263,2.244450244,1.467498931,1.653073055,1.49561559,0.815515702,1.47004836,-1.300948921,-0.261413478,1.942861185,0.755675199,0.095045277,-1.031200097,-0.494576091,-1.801233592,-0.773682722,-0.064020305,0.862668586,0.258101518,1.085939671,0.777790457,1.550434009,0.800622474,0.684572964,0.719697262,0.064273534,0.504136437,0.934265894,0.844675325,0.332370985,0.279289033,0.440148869,0.217823281,0.462214701,0.524372287,0.812890495,0.641804674,0.818096731,0.82689182,0.976133926
KO.B,72.75,0,190.825,110.175,160.8280255,0.932,16.68,77.973,0.2175,5.5505,0.040980465,3.252618627,0.624443669,0.509343375,4.075064524,1.054260481,0.734560243,761.0965066,227.8032086,128.0758431,8.132667748,1.176091259,0.22877991,0.223699476,1.092617166,-1,2.256808599,2.035971661,2.186143321,-0.031573172,1.211524855,1.885760691,-1.402680111,0.399232668,-0.671149482,-0.847950074,0.387902245,-0.729566259,-0.907259798,2.652482326,2.640283536,1.449858603,1.264136726,0.847093235,0.036830186,#NAME?,1,0.947368421,0,14,Pacific,West Pacific,34.80097222,128.5836944,23.3,33.6,0.205813141,14.25,1.153814864,10.73950028,18.13600016,27.85050011,17.11100006,32.90575027,34.45699978,0.525749996,139.6990741,1.297499955,1.139078555,8.107999802,0.309650004,-0.50912891,5.042750001,0.702667438,100,-361,-195,KO.B,1.502882522,-1.029607822,0.428643062,-1.821022193,0.129924637,-0.976713449,-1.011974974,0.115539661,0.891974666,-0.723063539,0.371045858,-0.576088837,-0.356904021,0.749123045,-0.730669555,0.672467881,-0.238502224,-0.075510335,-0.433458704,-0.183582654,-0.472168958,-0.17083753,-0.433344736,0.118904971,0.2499779,0.456828565,0.683767591,0.394902875,0.597236769,0.364675325,0.236376759,0.633526719,0.385879967,0.779370903,0.558578968,0.5219259,0.532202225,0.562972946,0.542040396,0.632102666,0.576215212
OR.B,85,62.8,315.725,162.15,216.4502165,0.816909722,29.22165278,106.328,0.12474,6.3495,0.01838567,6.607765493,1.285142777,4.831663449,8.196546564,4.825705213,2.683255582,2631.364957,1546.403855,896.5185226,5.160168213,1.079181246,0.56225729,0.327222101,2.493228829,1.738220841,2.465643789,2.176478398,2.317191282,-0.088673433,1.463290426,2.023029781,-1.763773834,0.790150339,0.014849896,0.646064619,0.868217942,0.568581322,0.32869235,3.253680163,3.331825037,3.031637462,2.791230026,0.680249516,0.395065137,#NAME?,0.944444444,0.555555556,0,11,Pacific,East Pacific,43.34625,-124.3182833,16,33,-0.224571608,14.22,1.152899596,9.311999957,11.22499975,14.33799998,5.026000023,32.49766668,32.39466604,0.646333337,135.7666667,3.799000025,1.949102364,8.199666659,0.646400015,-0.189498642,3.767000039,0.575995625,25,-904,-451,OR.B,-0.262749252,1.310668933,-1.520303435,-2.353133318,-0.646035819,-0.135656688,-1.307678751,-0.574508122,-0.155944109,0.920444558,-1.316018718,-1.358716403,-0.791862744,1.252771831,-0.400690766,1.295167132,0.11266553,-0.296935023,-0.989015054,0.64258083,0.143208953,0.526886521,0.032369122,0.35081711,0.179656664,0.322911402,0.387733813,0.783782375,0.235495864,0.082597403,0.143991339,0.733739639,0.461729531,0.92072801,0.621810014,0.474781524,0.411891395,0.710426487,0.65106936,0.775371766,0.670100524
UK.A,56.4,0,52.29411765,331.4117647,737.1369601,0.3631,4.2592,23.0931,0.040455,0.321375,0.124868854,54.68168414,0.848000823,53.76684108,26.42784839,2.306163045,23.6571251,951.5039247,81.94519748,854.1120991,6.591053534,1.322219295,0.033250589,0.96271497,1.943005556,-1,1.666300699,2.493733931,2.793464388,-0.442294914,0.622041369,1.35575241,-0.988205113,1.644122161,-0.907377711,1.637098259,1.256984014,-1.069051723,1.237785429,3.310419079,2.883366389,0.860737655,2.860788613,0.663735654,0.286733086,#NAME?,0.5,1,0,20,Atlantic,East Atlantic,52.942282,-4.565173,17.5,34.4,0.497102502,18.5,1.267171728,7.638199997,11.68279991,16.38339996,8.745200157,34.28199921,30.44760017,0.735199976,79.02380952,8.952200317,2.99202278,8.207800293,0.628439999,-0.201736181,3.31239996,0.520142771,25,637,130,UK.A,-0.616817283,0.162449223,-1.77854916,2.087029088,-0.178935455,0.808819056,1.159799817,-0.159124106,-0.366086758,0.114083351,-1.539563702,0.862331626,0.19528967,-1.195510138,0.798564997,-1.088292976,0.905580626,-0.318851201,0.204226759,0.106820997,0.641293974,0.592735238,1.049735544,0.611245894,0.766447076,0.403524731,0.328369172,0.59298481,0.18756328,0.883116883,0.353662938,0.246595638,0.737392786,0.379665812,0.764581812,0.470115267,0.67029887,0.614804148,0.739317075,0.788892994,0.875195912
NN.B,90.075,0,68.05,259.45,651.875,0.265,4.465,23.1725,0.02727,0.41957,0.088102212,12.33426178,0.13875351,12.19550827,5.709465553,1.378869425,4.330596129,419.3237593,125.5443249,293.7794344,5.444641236,1,0.059241434,0.940758566,1.726028872,-1,1.763929464,2.346916115,2.804902614,-0.588633729,0.619715386,1.345869966,-1.106495186,1.060073423,-1.716164762,1.05391887,0.645754547,-1.681590416,0.587766955,2.814281354,2.401260521,0.258136798,2.343612898,0.653257,0.230872556,#NAME?,0.25,0,0,9,Atlantic,East Atlantic,67.26672333,15.25606333,10.5,18.5,0.335708576,24,1.380211242,1.673999982,6.52599997,14.0442223,12.3702222,32.11822213,28.43511115,0.766777774,88.74342105,4.484666612,2.117703145,8.203333325,0.514066673,-0.288980551,1.213222212,0.083940353,1,378,-86,NN.B,-1.980030074,-1.301386229,-1.58990033,2.408681585,-0.179459768,2.218681734,1.338547928,-0.159590368,-1.175166148,-0.913925586,-1.376263807,0.489034131,-0.171706752,-1.231769437,0.827366453,-0.797186103,0.538639625,-0.332757824,0.022233007,-0.46913614,-0.141809963,0.016939383,0.353937908,1,0.808955116,0.403434244,0.099806774,0.349741955,0.222578094,0.748571429,0.275712739,0.239380986,0.744013144,0.445749118,0.698510644,0.467154355,0.630886451,0.5120074,0.600571419,0.670660358,0.734926995
PO.A,32.25,54,103.0526316,292.6315789,251.4642221,0.746,8.545,34.439,0.08411,1.7738,0.047862953,0.916560923,0.040457103,0.873471775,3.696694512,0.033419746,3.6170882,411.1867099,3.446339621,403.2584959,5.016204742,1.176091259,0.012258944,0.980451754,1.286911014,1.695684454,1.948833989,2.416177968,2.377968754,-0.129606306,0.92985056,1.535334265,-1.323011382,-0.15761339,-1.519408557,-0.179151365,0.398403122,-1.569196551,0.390022221,1.792292346,2.346343158,0.419049391,2.339054309,0.634919,0.101637943,-1.301029996,0.85,1,0.05,14,Atlantic,East Atlantic,36.997057,-7.82849,20.53,36,-0.174736205,14.65,1.165837625,14.37624979,18.32324982,22.32199955,7.945749998,36.13974953,39.53850079,0.439500004,41.81944444,2.184749961,1.478089971,8.10374999,0.1494,-0.825649403,1.137500018,0.055951412,100,396,-36,PO.A,3.388984822,-0.718045005,-0.558766128,-0.039204314,-0.045671207,-0.760566941,-0.021786547,-0.040614589,2.011393812,-0.504262061,-0.483684156,0.514977586,-0.086753877,-0.5366132,-0.247653081,-0.245842674,0.711745412,-0.357094886,-0.31088535,-0.534744235,-0.458715291,-1.169136591,-1.096734869,0.17850499,0.485454342,0.426523802,1,0.446674697,0.413965297,0.757922078,0.293756767,0.377698875,0.496907071,0.570907952,0.729679964,0.461972658,0.558746611,0.500297677,0.544424036,0.427114163,0.442479467
FR.A,48.5,50,125.95,298.275,93.5033104,0.5425,6.862,42.0675,0.0669847,1.880045,0.038881062,1.047026731,0.316178869,0.722048312,2.736257495,0.641045265,2.035463226,405.2944321,84.82110206,312.8535082,4.815564465,1.255272505,0.273152784,0.714542647,1.417158353,1.668534849,2.031473668,2.452837255,1.929216297,-0.269474495,0.82280845,1.615340604,-1.430999085,-0.098098333,-0.763970366,-0.305566705,0.327156168,-0.581952844,0.126014662,1.930004865,2.35449385,1.462773471,2.154242579,0.597117889,0.148213808,#NAME?,0.95,0.4,0,17,Atlantic,East Atlantic,43.446971,3.661503,35,38.8,0.40654018,15,1.176091259,10.20100021,16.4740003,23.60166613,13.40066687,37.33333333,33.78766632,0.489000003,58.39166667,1.841000001,1.356834552,8.272333463,0.242866665,-0.614632091,1.653333346,0.218360425,250,430,-12,FR.A,2.017983325,-0.900461148,-0.881470184,-0.049150602,0.0948488,-0.125743368,-0.027313879,0.084347345,1.197691753,-0.632367596,-0.76302614,0.563981891,-0.045976496,-0.24306499,-1.377611845,0.000570136,0.803367778,-0.407262188,-0.477028516,-0.525006852,-0.549996508,-1.009313435,-1.025832507,0.353550599,0.484139889,0.450775091,0.770131712,0.416362941,0.354068703,0.775584416,0.3024179,0.436107281,0.237172559,0.626845392,0.74617743,0.451291346,0.522766782,0.502035604,0.528251377,0.459931894,0.456772987
QU.A,60.4,0.565,66.75,221.675,558.6325439,0.357375,8.4425,33.017,0.0378621,0.528,0.074561099,17.09103241,4.18537075,12.90566166,31.66639709,8.323740069,23.34265702,2007.903761,475.1101711,1532.79359,5.000421718,0.84509804,0.152626001,0.847373999,3.049589658,-0.752754163,1.816892056,2.319925193,2.73152851,-0.448758905,0.919847283,1.510492744,-1.220635155,1.125969911,0.065349553,1.000898114,1.355621843,-0.107684166,1.259354565,2.936141312,3.165751473,1.723552066,3.069521278,0.593929169,0.481501883,#NAME?,0.3,0.8,0,6,Atlantic,West Atlantic,49.11237,-68.17593,15.47,16,1.059516086,16.183,1.209059034,-0.925166657,5.351499955,14.18733327,15.11249987,26.91050021,35.21916644,0.692499995,79.82407407,5.02549998,2.241762695,7.705166578,0.897366663,-0.047030068,14.93150028,1.174103447,50,862,95,QU.A,-2.575306776,1.69890746,1.185643454,1.201419999,-0.185638951,0.431865437,0.667650826,-0.165085406,-1.528468372,1.19309315,1.026327339,1.186624816,0.135822658,-0.627758277,0.642610447,-0.639263644,0.471181356,-0.41149406,-0.153375653,0.444177822,0.767668235,0.158364747,0.432442693,0.507305085,0.649409258,0.402367825,0,0.848295259,0.737742425,1,0.341032118,0.359563391,0.701544771,0.481598627,0.68636415,0.450390322,0.592856783,0.675015546,0.761707308,0.699700327,0.750753121
QU.B,74.85,0.6,137.85,437.4,622.2943723,0.35975,9.26275,38.99075,0.015917,0.561,0.029236232,7.095264794,0.179277356,6.915987439,6.75122349,0.705066315,6.046157175,957.7273306,92.35953757,865.367793,4.120205639,0.84509804,0.095580246,0.904419754,2.960519107,-0.823936556,2.118036501,2.628996815,2.770761428,-0.445500973,0.960067283,1.585819521,-1.534618696,0.809241531,-1.024681222,0.797188223,0.774608321,-0.73015391,0.72827283,2.923610339,2.88897321,1.348210501,2.842624809,0.577338431,0.468709834,-1,0.2,0.65,0.1,6,Atlantic,West Atlantic,49.08696,-68.32041,15.37,21,0.95568775,16.2,1.209515015,-0.807399988,5.319999981,14.0512001,14.85859985,26.87200012,35.29660034,0.679400003,78.88888889,5.103600025,2.259114876,7.706400013,0.902919996,-0.044350729,16.57460022,1.219443062,50,854,79,QU.B,-2.28861015,1.802389025,0.973853826,0.833472337,-1.181278107,0.429364494,0.463175655,-1.050489534,-1.358311275,1.265765234,0.842996098,1.175094392,0.108637737,-0.351379671,0.741398941,0.258680904,1.243642446,-0.433512263,-0.636451208,0.113519295,0.023276806,0.143821845,0.055113125,0.506615478,0.600783072,0.230537973,0.048068848,0.865490601,0.698432484,0.995844156,0.33525803,0.414555496,0.724252485,0.685438351,0.825453013,0.445702342,0.488242334,0.615999659,0.629820502,0.69671412,0.674685588
FR.B,100,0,225.7,168.3,319.9006875,0.4255,9.445125,95.0076,0.06312248,3.42103,0.020296734,0.323056542,0.07620279,0.218298134,3.845832338,0.214689188,3.586500727,915.3104683,59.65747802,852.5777044,4.52947626,1.342422681,0.055546775,0.935179902,2.014333063,-1,2.276753295,2.189581578,2.374906714,-0.374240396,0.953284708,1.974766645,-1.69961472,-0.530094499,-1.212217044,-0.701010359,0.51607988,-0.93959,0.486169641,1.737123762,2.78941739,1.294641241,2.759482713,0.565488388,0.300945062,-0.602059991,0.5,0.25,0.25,21,Atlantic,East Atlantic,43.082895,2.973231,35,32.5,0.221088068,15,1.176091259,10.92399979,16.60099983,22.69799995,11.77400017,37.44900131,32.85499954,0.532999992,52.85,1.77699995,1.333041616,8.274999619,0.235499993,-0.628009101,6.269000053,0.797198274,250,476,-42,FR.B,0.925343505,0.075361868,0.014407354,-0.570340655,-0.46640363,-0.161577028,-0.316948619,-0.414764423,0.549199922,0.052924442,0.012471423,0.630281832,-0.096948222,1.075691397,-0.255363297,0.731938449,0.145414238,-0.449238909,-0.890303832,-0.005416999,-0.307948456,-1.23316285,-1.540484609,0.343669862,0.415261929,0.353912767,0.586934797,0.578513663,0.520351128,0.799480519,0.291591483,0.69850527,0.495134785,0.79287114,0.627706726,0.442353922,0.433268217,0.594771927,0.571135999,0.413967154,0.353021998
ES.B,100,0,131.85,102.55,472.6890756,0.4379,12.148,57.4065,0.04917,1.671065,0.028972723,6.345849969,5.768717035,0.577132934,17.12192709,13.11165274,4.010274356,2442.817882,1876.549263,566.2686183,3.934731869,0.954242509,0.820139013,0.179860987,1.848400511,-1,2.091314496,1.983488278,2.666769711,-0.361009614,1.083377471,1.757127248,-1.545004015,0.648617176,0.597404404,-0.953280664,0.92841726,0.804486702,-0.736819529,2.735457696,3.015386424,2.891427483,1.320310252,0.541481321,0.263317379,-0.096910013,NA,0.722222222,0.8,8,Atlantic,West Atlantic,37.31855,-75.789076,27.7,35.64,0.441302287,14.683,1.166814799,5.341833274,15.86333338,26.94833342,21.60649999,26.44916662,34.15233358,0.503000001,87.86111111,0.782666663,0.884684499,8.273166656,0.270133336,-0.568421818,5.500666738,0.740415334,25,654,72,ES.B,1.015491585,-0.580910718,0.740140388,-0.062497496,-0.103658417,-0.728924452,-0.034730989,-0.09218158,0.602703641,-0.407956651,0.640686973,0.886833778,0.096744335,0.277158984,0.479547778,0.179001935,-0.369673669,-0.481099606,-0.652429413,0.264541296,0.220335999,-0.074539925,-0.136244272,0.187230058,0.482376028,0.416516227,0.602049431,0.46946205,0.655053299,0.891948052,0.332731866,0.53961823,0.66406287,0.667350665,0.534960319,0.435570339,0.484782107,0.642954045,0.664734267,0.651876201,0.636109006
MA.A,65.7,10.85,192.4473684,629,214.8586707,0.4315,16.461,58.197,0.0462,2.40075,0.019388689,10.47724112,0.162100183,10.31514094,3.68611155,0.50423438,3.18187717,727.1133488,110.2758899,616.8374589,3.783315189,0.77815125,0.116438034,0.883561966,1.56806016,0.592378691,2.255741737,2.725005916,2.281363523,-0.368000913,1.171824513,1.7607382,-1.76693983,0.967259667,-1.392520295,0.956754351,0.526210871,-1.22229285,0.462135844,3.203139649,2.77037982,0.952200071,2.702831106,0.468822126,0.189305037,-0.67669361,0.65,0.6,0.210526316,5,Atlantic,West Atlantic,42.42014,-70.91544,15.1,32.35,0.413928114,15.25,1.183269844,2.224999994,10.31599998,18.97324991,16.74825001,31.19649982,31.26824951,0.628250003,94.79166667,3.713500023,1.927044375,8.044000149,0.728375018,-0.137644958,6.379750013,0.804803661,100,661,15,MA.A,-0.684298691,-0.22316909,-0.304243007,-0.492066207,-1.080647628,-0.226807742,-0.273450092,-0.961000645,-0.406137597,-0.156725142,-0.263361565,0.8969229,-0.000101943,0.29040779,-0.49090507,0.66928674,1.483597491,-0.577528407,-0.993886059,-0.028160601,-0.294968684,0.468231399,0.243365644,0.325683211,0.425606302,0.247905028,0.317054935,0.528907321,0.461206935,0.895584416,0.312161674,0.542254395,0.440992697,0.778648762,0.868659168,0.415039315,0.410836534,0.590712652,0.573435677,0.763327654,0.712636245
SW.B,57.5,55.85,78.9,156.5,570.4050703,0.39475,3.7535,22.67725,0.07948,0.5970775,0.136499977,27.80065056,8.749624015,15.15925575,9.283016677,1.495369967,7.78764671,692.6613676,102.134601,590.5267666,11.66000235,1.079181246,0.183158318,0.816841682,1.121346971,1.737010206,1.869275348,2.170410867,2.73618954,-0.406559391,0.567426463,1.346186029,-1.497405725,1.375813451,0.823226261,1.110046857,0.916633498,0.088825777,0.821408435,3.22645039,2.767439655,1.941111151,2.672294313,0.432541049,0.04699552,-0.522878745,1,1,0.3,11,Atlantic,East Atlantic,58.2488,11.4536,21,24,-0.198082028,15.7,1.195899652,1.347000003,10.03750006,20.38199997,19.03500017,28.08933322,32.79716682,0.71633334,59.80952381,1.607333322,1.2678065,8.311833382,0.218333334,-0.660879953,7.326166789,0.864876802,50,632,28,SW.B,-0.957791449,-1.771877687,0.598692267,1.868173625,0.087828685,1.331105511,1.038177877,0.078104481,-0.568458077,-1.244338011,0.518245379,0.855125111,0.021985804,-1.230609782,0.65434692,-0.48306853,0.097500981,-0.625678412,-0.579197644,-0.031673127,0.205238705,0.495284831,0.730090018,0.755260632,0.737524196,0.449563542,0.271199907,0.271561252,0.628799335,0.880519481,0.316853122,0.239611727,0.704242539,0.517056016,0.619079495,0.404787513,0.500641119,0.590085737,0.66205942,0.768882745,0.81075716
UK.B,33.55,0,28.78947368,243.9473684,238.7318564,0.3859,3.5972,21.6819,0.052815,0.476455,0.119661953,101.5397633,0.95889764,100.5808657,43.86979604,0.268984607,43.60081143,787.7442204,8.174343122,779.5698773,3.225634932,1.146128036,0.033831717,0.966168283,1.376109663,-1,1.412137413,2.257089379,2.331536549,-0.416739818,0.549364705,1.330798135,-0.991052448,1.361695275,-0.719561481,1.337622547,1.007542234,-1.056626491,0.992127753,2.787760231,2.445511527,0.646993406,2.429403875,0.420408698,0.129473669,-0.301029996,0.882352941,0.65,0.5,13,Atlantic,East Atlantic,52.89856,-4.321868,15.3,32.7,0.842375182,18.5,1.267171728,6.504500031,12.10724998,18.04900026,11.54450011,34.26574898,29.63775015,0.747749999,83.0952381,8.991000175,2.998499654,8.211000443,0.639925018,-0.193870911,6.248250127,0.795758407,25,628,59,UK.B,-0.879404012,-0.445461333,-1.160796197,1.980084995,1.032732628,0.80451578,1.100369051,0.918390691,-0.521934408,-0.3128345,-1.004818833,0.849359898,0.074656587,-1.287068917,-0.36456938,-1.846150346,0.314136134,-0.64177972,0.199846027,-0.416270816,0.321710494,-0.01383988,0.713270543,0.610059313,0.752313862,0.612637387,0.284342698,0.491969426,0.30222344,0.878441558,0.328040419,0.228377838,0.470032463,0.207626862,0.658086686,0.401359322,0.669350182,0.521442796,0.682695192,0.664340213,0.807366447
PO.B,50.65,37.75,65.05555556,132.5555556,346.9569646,0.61625,6.681,27.6455,0.03528,0.76965,0.048884558,0.611790281,0.017829502,0.593960779,7.291078063,0.006434667,7.284643396,373.1318524,0.216474492,372.9153779,3.825059521,0.698970004,0.0032405,0.9967595,2.01355902,1.484146474,1.737823497,2.082028959,2.517679698,-0.212288854,0.821504066,1.43962999,-1.331791106,-0.568289825,-1.872520693,-0.586667669,0.171633953,-1.912877669,0.170489395,1.189534812,1.885985941,0.049797813,1.884725959,0.409550315,0.300901461,#NAME?,1,1,0,4,Atlantic,East Atlantic,37.027333,-7.810105,20.57,36,-0.182930684,14.65,1.165837625,14.48139992,18.3447998,22.25819969,7.776799965,36.12979965,39.4154007,0.440000004,42.3,2.189399958,1.479662109,8.1,0.149779999,-0.824546177,1.219200015,0.086074959,100,486,-51,PO.B,3.124248122,0.035965569,-0.526133259,0.716327043,0.618485814,-0.757587069,0.398075896,0.550008395,1.854270134,0.02525757,-0.455436199,0.644694863,-0.112239739,-0.887758107,0.104139099,-0.875028184,-0.12339146,-0.656190296,-0.324393288,-1.084718923,-0.749250742,-1.868670759,-1.585988033,0.179326657,0.585301716,0.541145654,0.955613052,0.571967253,0.420022233,0.804675325,0.288343558,0.307830233,0.577770703,0.428078419,0.57930574,0.398291111,0.555821343,0.402138273,0.492948708,0.283473378,0.343848762
JS.A,89.75,0,411.375,179.1,120.9574739,0.959875,21.82425,97.7775,0.06,7.8495,0.007964336,1.504976885,1.306434201,0.198542684,0.665975921,0.55488978,0.111086141,243.8653945,202.9025835,40.96281096,3.041586546,1,0.833223324,0.166776676,1.401457006,-1,2.582756974,2.219839444,2.070356549,-0.01910042,1.333339005,1.98829015,-2.13176711,-0.202920616,-0.270743717,-1.295572737,-0.634851987,-0.711174346,-1.479139668,2.283100672,1.840885121,1.761244963,0.781238245,0.373585586,0.142586878,-0.477121255,0.764705882,0.9,0.333333333,9,Pacific,West Pacific,34.297834,132.91631,22,32.5,-0.530177984,14.2,1.152288344,11.74499989,19.02700043,27.00050068,15.25549984,32.65649986,34.39550018,0.665499985,110.5784314,4.375,2.091650066,8.236000061,0.238399997,-0.622693754,1.766000032,0.246990707,100,-552,-762,JS.A,1.306573238,-1.467813373,-0.584018166,-2.542380602,-0.582127357,-1.026234109,-1.41284689,-0.517675467,0.775463292,-1.030802514,-0.505543052,-0.851377723,-1.320269631,1.125309976,-1.022220667,1.644372133,0.221037566,-0.703920465,-1.55518663,-1.138599494,-1.782516232,-0.599525805,-1.150710949,0.105250194,0.154646657,0.333940882,0.650853492,0.322087062,0.409278306,0.265454545,0.031757488,0.708378068,0.318863464,1,0.641323415,0.388128699,0.28928174,0.392521676,0.30988093,0.544076772,0.431598191
NN.A,47.8,0,30.9,67.9,185.9,0.3075,3.0775,22.8775,0.026585,0.320925,0.092563423,8.737103324,0.369211579,8.367891745,14.97418366,7.019679236,7.954504425,556.4092428,373.8204134,182.5888294,2.855441666,0.903089987,0.109006607,0.890993393,2.404409462,-1,1.420029995,1.722263063,2.227546437,-0.514671895,0.473278567,1.357139073,-1.061120711,0.433761009,-1.743187079,0.297394133,0.140067352,-1.679203396,-0.044692269,1.900354315,1.619597219,0.299923261,1.441960001,0.357357632,0.37152329,#NAME?,0.2,0.1,0,7,Atlantic,East Atlantic,67.2147,15.0083,8,24.5,-0.46692734,24,1.380211242,2.317444457,7.121555593,14.13711103,11.81966665,32.17277781,29.10888884,0.763888896,90.61363636,4.361999989,2.088540157,8.211999893,0.546800011,-0.262171485,1.694333328,0.228998854,1,463,-52,NN.A,-1.873024102,-0.254544821,-1.672321619,2.120204433,1.911981912,2.213561412,1.178235957,1.700291385,-1.111657115,-0.178759402,-1.447610065,0.611544892,-0.113938797,-1.190422384,-0.626416501,-1.822616454,-1.022552485,-0.725457203,0.092043354,-1.402965383,-0.789693703,-1.043724573,-0.392209918,0.998588128,0.77083137,0.764380389,0.117747877,0.523693673,0.207280008,0.792727273,0.287982678,0.247607967,0.409843777,0.212969221,0.417403366,0.383543229,0.646004523,0.34533769,0.485783267,0.452865988,0.584507761
BC.B,60,0.1,70.35,253.175,210.0840336,0.5535,9.987,50.169,0.05265,1.87345,0.029271419,40.84777885,24.19096578,13.19148259,63.87753577,15.14988243,17.43372159,4472.084161,1113.113965,1151.718714,2.096264531,1.113943352,0.257501126,0.286121248,1.978431642,-0.933889035,1.788716026,2.392974445,2.211808494,-0.258348775,0.99268848,1.68850309,-1.548802595,1.586313786,1.342442333,1.02025153,1.739093102,1.103137516,1.106962537,3.366500614,3.519273458,2.883689057,2.887381899,0.245588923,0.293021293,-0.531478917,0.368421053,0.25,0.294117647,12,Pacific,East Pacific,49,-122.8,22.5,26,0.892094603,14,1.146128036,4.176250022,10.66499996,17.04850006,12.87225008,27.12599945,33.29874992,0.681250006,92.09803922,7.803750038,2.793519293,7.879500031,1.120574981,0.049440922,20.74549961,1.316923898,250,-848,-561,BC.B,-1.402935084,1.12698743,0.531537852,-0.107369712,0.280074055,0.42080558,-0.059667291,0.249064858,-0.832654938,0.791450397,0.460114571,-1.278003431,-0.978759071,0.025372701,-0.666044645,-0.723278187,0.653752969,-0.873789736,-0.658273672,0.866519726,1.258969569,0.657821027,0.98086641,0.504255452,0.476445933,0.48274172,0.19656512,0.753260356,0.61633491,0.111688312,0.104294479,0.489519353,0.400734775,0.462526735,0.719237881,0.351961183,0.483516479,0.750395069,0.84875313,0.802257565,0.86131228
MA.B,46,0.6,115.2105263,155.5,318.3091419,0.496,8.956,39.98975,0.0223,1.5763,0.015250881,10.15453551,1.856460937,8.29807457,3.569886142,1.033603411,2.536282731,380.2375797,139.4816887,240.755891,1.645899571,0.84509804,0.303281772,0.696718228,1.998453349,-0.763132018,2.027856033,2.165304294,2.478918901,-0.307532458,0.931776764,1.591258708,-1.810450466,0.966259297,0.102801798,0.870043891,0.483441308,-0.166361008,0.314408409,2.986113246,2.506210218,1.886879188,2.330294216,0.225687761,0.295263731,-1.278753601,0.533333333,0.421052632,0.052631579,6,Atlantic,West Atlantic,42.59697,-70.6556,14.8,32.15,0.500716624,15,1.176091259,2.540799975,10.32700005,18.96300011,16.42220039,31.35299988,32.02459946,0.576600003,98.34166667,3.747600031,1.935871905,8.075399971,0.700560009,-0.154554658,3.912599945,0.592465444,100,601,-4,MA.B,-0.366141602,0.139019105,-0.413343032,0.273380794,0.003036581,-0.209403502,0.151922652,0.002700377,-0.217308425,0.097629062,-0.357801709,0.810444715,-0.032384036,-0.331422956,0.006539406,-0.010216833,0.08473815,-0.90020133,-1.060828819,-0.343755947,-0.34976482,0.216359999,0.242173868,0.330482238,0.52676408,0.434929912,0.370398586,0.58909147,0.44095705,0.864415584,0.305304944,0.41852636,0.555336248,0.624396675,0.616781428,0.34633779,0.396339465,0.534385239,0.563727226,0.711608942,0.712395989
IR.A,58,1.5,13.24475,8.476315789,615.9281894,0.19,2.616,10.4895,0.0300955,0.223495,0.139941285,188.9914104,5.070346988,183.9210634,61.37266119,3.948879849,57.42378134,781.1944141,49.32211017,731.8723039,1.832084649,0.84509804,0.084870608,0.915129392,2.506561101,-0.320217432,1.105398007,0.794744257,2.72993817,-0.729342879,0.413592301,1.017972024,-0.899558421,2.163778772,0.257154877,2.145831688,1.699966482,0.13342122,1.659124529,3.22749694,2.764270448,1.322143352,2.723553302,0.198948783,0.397780452,#NAME?,0.578947368,0,0,6,Atlantic,East Atlantic,54.531944,-5.569167,20.4,40,-0.321026624,17.3,1.238046103,6.420666615,10.67966652,15.81266673,9.39199996,34.11316681,28.68683338,0.761166662,86.23245614,5.99666659,2.448809219,8.206166903,0.573283335,-0.241630683,2.588166674,0.412992241,50,646,183,IR.A,-0.892092536,0.477898895,-2.455191004,3.854291963,3.277240084,0.965279267,2.141899766,2.914391107,-0.529465165,0.335614453,-2.125284495,0.875303354,0.285339719,-2.434847276,0.638605969,-2.760777804,-3.340695392,-0.935687652,0.340613049,-0.035459282,1.208840751,0.496499411,1.668820593,0.654388074,1,1,0.282215283,0.645402504,0.061972848,0.887792208,0.372789607,0,0.700624294,0,0,0.338782261,0.699834573,0.589409984,0.839871607,0.769132144,1
RU.A,100,100,160.1,505.75,924.688057,0.290825,4.209,41.328,0.005875,0.5328,0.011530158,51.81709214,0,51.79724346,7.868001282,0,7.868001282,1263.975811,0,1263.975811,1.785073244,0.602059991,0,1,1.70683206,2.000434077,2.192219298,2.679529345,2.954318994,-0.539088873,0.590701987,1.594798823,-1.974918804,1.692969904,-2,1.692800633,0.874873358,-2,0.874873358,3.882253265,3.063988321,0,3.063988321,0.18621342,0.222724679,#NAME?,0.25,1,0,3,Atlantic,East Atlantic,66.40611111,33.72305556,23,14,0.703506322,18.54,1.26810973,-1.055800009,4.066899943,12.61660013,13.6724,24.99519997,30.67089996,0.812699991,42.26388889,0.611799997,0.782176449,8.172300053,0.09491,-1.022688027,4.423199946,0.645736572,5,277,-87,RU.A,-2.424690822,-1.974905051,-0.061884941,1.720545598,-1.536066753,2.133977206,0.956138312,-1.365996744,-1.439076411,-1.386918207,-0.053569399,0.343462521,-0.17340581,-0.318434055,1.203596923,0.47987721,1.369938133,-0.952589239,-1.313869578,0.322604496,0.151735837,1.256381112,1.107929564,0.976643659,0.718014389,0.169307676,0.025252949,0.237824567,0.506190635,0.696103896,0.275351859,0.421110811,0.83049421,0.735651467,0.848193735,0.33518368,0.341541164,0.653317156,0.652580103,0.925164558,0.886927502
FI.B,77.15,1.45,45.825,68.85,466.3228928,0.3245,6.58,30.827,0.006955,0.419505,0.018184995,13.05016831,2.001876668,11.00163585,19.01451276,6.187662873,12.82684989,876.6966285,292.7132955,583.983333,0.837731723,1.041392685,0.29887452,0.70112548,2.061281896,-0.187758876,1.650787958,1.821064021,2.630539285,-0.491154025,0.813141253,1.484208447,-1.759071627,1.074329873,-0.055318395,0.984512196,1.226881656,0.212711876,1.042213399,2.715434682,2.867903834,1.917803237,2.683430921,-0.082792593,0.313389494,#NAME?,0.35,0.05,0,10,Atlantic,East Atlantic,60.10785,21.70995,17,6.5,0.277035888,14.5,1.161368002,0.705249999,7.988124967,18.20650029,17.50124955,6.171875,36.54762459,0.731250003,52.11574074,1.636500016,1.279257603,8.243875027,0.186100001,-0.730253625,24.01600015,1.380500678,1,637,132,FI.B,-2.210099666,-0.463676747,2.598604984,1.464754184,0.925183295,1.514079852,0.813990397,0.82274899,-1.311714577,-0.325626653,2.249427793,0.862331626,0.198687786,-0.724196987,0.388319559,-1.134548457,-0.775619766,-1.309597419,-0.981780532,0.088348355,0.602726992,-0.097777765,0.370922115,0.805713791,0.684210231,0.594076259,0.061232269,0.488942605,1,0.883116883,0.354384699,0.340374613,0.643092974,0.369165493,0.461865918,0.259171704,0.413458097,0.611507154,0.732484009,0.647104595,0.738350917
BC.A,53.25,42.25,45.4375,75.8125,75.030012,0.7545,16.7416,59.6941,0.035585,2.70468,0.014609433,4.704111471,2.200789167,1.554867627,18.29327811,3.26823255,8.546881782,1051.288083,139.1780077,590.2465428,0.582186613,1.278753601,0.221651431,0.454024038,2.753508061,1.355335908,1.615899598,1.833683547,1.809184559,-0.126279979,1.212794781,1.767102516,-1.857973694,0.536460502,0.194375964,0.05493297,1.057881455,0.203651573,0.69775356,2.265584968,2.852266774,1.754885991,2.508768288,-0.211805989,0.433926704,-0.522878745,1,0.65,0.3,18,Pacific,East Pacific,49,-123.1,24.5,26,0.86332286,14,1.146128036,5.703333283,10.95633348,16.5971667,10.89383348,25.96549956,33.05516752,0.681166669,87.2,7.589166641,2.754844214,7.890999953,1.249566654,0.096759427,11.33983334,1.054606672,5,-893,-647,BC.A,-1.431904766,1.84686122,-0.035572575,-1.266210694,1.119057014,0.42080558,-0.703656188,0.995157427,-0.849848712,1.296996759,-0.030792652,-1.342862069,-1.124878017,0.313758859,-1.679851782,-1.238577648,-0.744079852,-1.480816036,-1.133945102,0.069667239,0.386204836,-0.619853769,-0.26986043,0.504255452,0.323299107,0.627535461,0.191707932,0.872880464,0.511074432,0.088311688,0.073258751,0.546900647,0.167699101,0.345550135,0.467544975,0.222716894,0.380505462,0.608172951,0.694121912,0.539902673,0.609172735
RU.B,82.75,51.5,55.10526316,139.4736842,693.9139292,0.19985,2.507416667,28.744,0.001265,0.2218,0.00554072,88.05299862,0,87.9305124,13.35664483,0,13.35664483,754.1759932,0,754.1759932,0.342296157,0.602059991,0,1,1.783522549,1.667017065,1.668309834,2.039108616,2.779762891,-0.701195764,0.391241133,1.45340833,-2.346869835,1.879256262,-2,1.878680073,1.060627529,-2,1.060627529,3.533725581,2.715684892,0,2.715684892,-0.516821401,0.243773764,#NAME?,0.315789474,1,0,3,Atlantic,East Atlantic,66.28583333,34.0025,15,10,1.151944137,17.54,1.244029589,-1.227125004,4.083000034,12.68187511,13.90900004,24.90150023,31.34375,0.798999995,40.00595238,0.641250007,0.800780873,8.15737474,0.088612501,-1.052505006,2.804499999,0.447855444,1,659,24,RU.B,-2.3482504,-2.158390846,0.018995728,2.837174525,0.397022124,2.122139037,1.576669206,0.353064688,-1.393708314,-1.515774928,0.016443252,0.894040293,0.015189574,-0.837204523,0.764064625,-1.082302189,-0.230662049,-1.885613666,-1.88613031,-0.093502959,0.389723091,0.851895047,1.329859002,0.973379415,0.865582673,0.502924906,0.038069295,0.207335068,0.521202769,0.894545455,0.315409599,0.317889072,0.729462463,0.381025763,0.559990665,0.136529884,0.217612846,0.579050357,0.694745256,0.842108291,0.931667237
JS.B,73,19.5,148.9,53.825,95.49274254,0.884,17.957,86.327,0.0224,6.2725,0.004658415,3.852537207,3.023914645,0.828622563,6.203524056,4.285740588,1.917783468,880.0584837,573.3781253,306.6803584,0.380888176,1.113943352,0.763435737,0.236564263,1.324974787,0.883166616,2.124515759,1.671306789,1.930562548,-0.055388536,1.244525936,1.928241032,-2.538089628,0.367000901,0.223639367,-0.471016837,0.54600988,0.381098573,-0.398017327,2.486084207,2.665241039,2.500143412,1.712751638,-0.541228782,0.119190008,-0.522878745,0.95,0.8,0.3,12,Pacific,West Pacific,34.274018,132.26617,20.4,30.4,-0.253755128,14.27,1.154423973,10.96674991,19.50774956,29.6965003,18.72975016,33.93050003,34.22149944,0.683750004,145.5637255,1.35225001,1.162862851,8.287749767,0.217975002,-0.66159331,6.616999984,0.820661134,250,-553,-850,JS.B,0.720303212,-1.40767387,0.634611816,-2.060404636,1.101396522,-1.028578165,-1.145004128,0.979452267,0.427506613,-0.988568295,0.549338381,-0.852819026,-1.469786692,0.904986044,-1.374221985,0.278000584,-1.149907235,-1.918005636,-2.180329193,-0.153766688,-0.269602298,-0.363951946,-0.471743565,0.104603847,0.218342272,0.62448757,0.552556818,0.332080333,0.635466307,0.264935065,0,0.664539375,0.237951759,0.689824054,0.39447195,0.129633186,0.153901376,0.568294495,0.577929941,0.592448982,0.568474223
SW.A,77.75,4.45,177.775,136.8,1373.656655,0.443,6.263,32.727,0,1.30647,0,5.747440245,0.325818641,5.421621603,10.17644019,0.065783328,10.11065686,1620.313013,10.4083054,1609.904708,0,0.903089987,0.018610416,0.981389584,1.172912669,0.292277057,2.22273682,2.120659492,3.078838053,-0.357247651,0.783849704,1.481347913,-3,0.547225443,-1.12450954,0.508868728,0.676887064,-1.46818786,0.66872645,2.741548724,2.871208124,0.629949473,2.863008286,-1,0.055909321,-1,0.421052632,0.65,0.1,7,Atlantic,East Atlantic,58.3131,11.5488,21,25,-0.082888528,15.7,1.195899652,0.632142842,9.426571437,20.40942873,19.77728626,28.16328566,32.71200017,0.715000008,61.0297619,1.592428565,1.261914643,8.311857224,0.21687143,-0.663797657,6.762000016,0.830075167,50,674,72,SW.A,-1.002179001,-1.790239839,0.531383149,1.154159889,-0.774264702,1.337434146,0.641387528,-0.688539778,-0.594802499,-1.257233215,0.459980655,0.915659839,0.096744335,-0.734692463,1.517135935,0.570873551,-0.026842372,-2.526858483,-2.890995773,0.09229589,-0.101923148,-0.067470944,-0.257035781,0.757005683,0.64316359,0.300781346,0.26375769,0.268510047,0.616306195,0.902337662,0.332731866,0.338286288,0.902564895,0.756308276,0.596690308,0,0,0.612211709,0.607638326,0.65332773,0.611758112
